year,TR15YOLL,TR15YOLL,TR14KOSP,TR14KOSP,TR16LAAN,TR16LAAN,TR07REVI,TR07REVI,TR07RECA,TR07RECA,IC12WACD,IC12WACD,IC12WACD,IC13BOCG,IC13BOCG,IC13BOCG,IC13BOCG,IC13BOCG,IC13BOCG,TR16LAFO,TR16LAFO,TR15YONW,TR15YONW
1000,,,,,,,,,,,,,,,,,,,,,,,
1001,,,,,,,,,,,,,,,,,,,,,,,
1002,,,,,,,,,,,,,,,,,,,,,,,
1003,,,,,,,,,,,,,,,,,,,,,,,
1004,,,,,,,,,,,,,,,,,,,,,,,
1005,,,,,,,,,,,,,,,,,,,,,,,
1006,,,,,,,,,,,,,,,,,,,,,,,
1007,,,,,,,,,,,,,,,,,,,,,,,
1008,,,,,,,,,,,,,,,,,,,,,,,
1009,,,,,,,,,,,,,,,,,,,,,,,
1010,,,,,,,,,,,,,,,,,,,,,,,
1011,,,,,,,,,,,,,,,,,,,,,,,
1012,,,,,,,,,,,,,,,,,,,,,,,
1013,,,,,,,,,,,,,,,,,,,,,,,
1014,,,,,,,,,,,,,,,,,,,,,,,
1015,,,,,,,,,,,,,,,,,,,,,,,
1016,,,,,,,,,,,,,,,,,,,,,,,
1017,,,,,,,,,,,,,,,,,,,,,,,
1018,,,,,,,,,,,,,,,,,,,,,,,
1019,,,,,,,,,,,,,,,,,,,,,,,
1020,,,,,,,,,,,,,,,,,,,,,,,
1021,,,,,,,,,,,,,,,,,,,,,,,
1022,,,,,,,,,,,,,,,,,,,,,,,
1023,,,,,,,,,,,,,,,,,,,,,,,
1024,,,,,,,,,,,,,,,,,,,,,,,
1025,,,,,,,,,,,,,,,,,,,,,,,
1026,,,,,,,,,,,,,,,,,,,,,,,
1027,,,,,,,,,,,,,,,,,,,,,,,
1028,,,,,,,,,,,,,,,,,,,,,,,
1029,,,,,,,,,,,,,,,,,,,,,,,
1030,,,,,,,,,,,,,,,,,,,,,,,
1031,,,,,,,,,,,,,,,,,,,,,,,
1032,,,,,,,,,,,,,,,,,,,,,,,
1033,,,,,,,,,,,,,,,,,,,,,,,
1034,,,,,,,,,,,,,,,,,,,,,,,
1035,,,,,,,,,,,,,,,,,,,,,,,
1036,,,,,,,,,,,,,,,,,,,,,,,
1037,,,,,,,,,,,,,,,,,,,,,,,
1038,,,,,,,,,,,,,,,,,,,,,,,
1039,,,,,,,,,,,,,,,,,,,,,,,
1040,,,,,,,,,,,,,,,,,,,,,,,
1041,,,,,,,,,,,,,,,,,,,,,,,
1042,,,,,,,,,,,,,,,,,,,,,,,
1043,,,,,,,,,,,,,,,,,,,,,,,
1044,,,,,,,,,,,,,,,,,,,,,,,
1045,,,,,,,,,,,,,,,,,,,,,,,
1046,,,,,,,,,,,,,,,,,,,,,,,
1047,,,,,,,,,,,,,,,,,,,,,,,
1048,,,,,,,,,,,,,,,,,,,,,,,
1049,,,,,,,,,,,,,,,,,,,,,,,
1050,,,,,,,,,,,,,,,,,,,,,,,
1051,,,,,,,,,,,,,,,,,,,,,,,
1052,,,,,,,,,,,,,,,,,,,,,,,
1053,,,,,,,,,,,,,,,,,,,,,,,
1054,,,,,,,,,,,,,,,,,,,,,,,
1055,,,,,,,,,,,,,,,,,,,,,,,
1056,,,,,,,,,,,,,,,,,,,,,,,
1057,,,,,,,,,,,,,,,,,,,,,,,
1058,,,,,,,,,,,,,,,,,,,,,,,
1059,,,,,,,,,,,,,,,,,,,,,,,
1060,,,,,,,,,,,,,,,,,,,,,,,
1061,,,,,,,,,,,,,,,,,,,,,,,
1062,,,,,,,,,,,,,,,,,,,,,,,
1063,,,,,,,,,,,,,,,,,,,,,,,
1064,,,,,,,,,,,,,,,,,,,,,,,
1065,,,,,,,,,,,,,,,,,,,,,,,
1066,,,,,,,,,,,,,,,,,,,,,,,
1067,,,,,,,,,,,,,,,,,,,,,,,
1068,,,,,,,,,,,,,,,,,,,,,,,
1069,,,,,,,,,,,,,,,,,,,,,,,
1070,,,,,,,,,,,,,,,,,,,,,,,
1071,,,,,,,,,,,,,,,,,,,,,,,
1072,,,,,,,,,,,,,,,,,,,,,,,
1073,,,,,,,,,,,,,,,,,,,,,,,
1074,,,,,,,,,,,,,,,,,,,,,,,
1075,,,,,,,,,,,,,,,,,,,,,,,
1076,,,,,,,,,,,,,,,,,,,,,,,
1077,,,,,,,,,,,,,,,,,,,,,,,
1078,,,,,,,,,,,,,,,,,,,,,,,
1079,,,,,,,,,,,,,,,,,,,,,,,
1080,,,,,,,,,,,,,,,,,,,,,,,
1081,,,,,,,,,,,,,,,,,,,,,,,
1082,,,,,,,,,,,,,,,,,,,,,,,
1083,,,,,,,,,,,,,,,,,,,,,,,
1084,,,,,,,,,,,,,,,,,,,,,,,
1085,,,,,,,,,,,,,,,,,,,,,,,
1086,,,,,,,,,,,,,,,,,,,,,,,
1087,,,,,,,,,,,,,,,,,,,,,,,
1088,,,,,,,,,,,,,,,,,,,,,,,
1089,,,,,,,,,,,,,,,,,,,,,,,
1090,,,,,,,,,,,,,,,,,,,,,,,
1091,,,,,,,,,,,,,,,,,,,,,,,
1092,,,,,,,,,,,,,,,,,,,,,,,
1093,,,,,,,,,,,,,,,,,,,,,,,
1094,,,,,,,,,,,,,,,,,,,,,,,
1095,,,,,,,,,,,,,,,,,,,,,,,
1096,,,,,,,,,,,,,,,,,,,,,,,
1097,,,,,,,,,,,,,,,,,,,,,,,
1098,,,,,,,,,,,,,,,,,,,,,,,
1099,,,,,,,,,,,,,,,,,,,,,,,
1100,,,,,,,,,,,,,,,,,,,,,,,
1101,,,,,,,,,,,,,,,,,,,,,,,
1102,,,,,,,,,,,,,,,,,,,,,,,
1103,,,,,,,,,,,,,,,,,,,,,,,
1104,,,,,,,,,,,,,,,,,,,,,,,
1105,,,,,,,,,,,,,,,,,,,,,,,
1106,,,,,,,,,,,,,,,,,,,,,,,
1107,,,,,,,,,,,,,,,,,,,,,,,
1108,,,,,,,,,,,,,,,,,,,,,,,
1109,,,,,,,,,,,,,,,,,,,,,,,
1110,,,,,,,,,,,,,,,,,,,,,,,
1111,,,,,,,,,,,,,,,,,,,,,,,
1112,,,,,,,,,,,,,,,,,,,,,,,
1113,,,,,,,,,,,,,,,,,,,,,,,
1114,,,,,,,,,,,,,,,,,,,,,,,
1115,,,,,,,,,,,,,,,,,,,,,,,
1116,,,,,,,,,,,,,,,,,,,,,,,
1117,,,,,,,,,,,,,,,,,,,,,,,
1118,,,,,,,,,,,,,,,,,,,,,,,
1119,,,,,,,,,,,,,,,,,,,,,,,
1120,,,,,,,,,,,,,,,,,,,,,,,
1121,,,,,,,,,,,,,,,,,,,,,,,
1122,,,,,,,,,,,,,,,,,,,,,,,
1123,,,,,,,,,,,,,,,,,,,,,,,
1124,,,,,,,,,,,,,,,,,,,,,,,
1125,,,,,,,,,,,,,,,,,,,,,,,
1126,,,,,,,,,,,,,,,,,,,,,,,
1127,,,,,,,,,,,,,,,,,,,,,,,
1128,,,,,,,,,,,,,,,,,,,,,,,
1129,,,,,,,,,,,,,,,,,,,,,,,
1130,,,,,,,,,,,,,,,,,,,,,,,
1131,,,,,,,,,,,,,,,,,,,,,,,
1132,,,,,,,,,,,,,,,,,,,,,,,
1133,,,,,,,,,,,,,,,,,,,,,,,
1134,,,,,,,,,,,,,,,,,,,,,,,
1135,,,,,,,,,,,,,,,,,,,,,,,
1136,,,,,,,,,,,,,,,,,,,,,,,
1137,,,,,,,,,,,,,,,,,,,,,,,
1138,,,,,,,,,,,,,,,,,,,,,,,
1139,,,,,,,,,,,,,,,,,,,,,,,
1140,,,,,,,,,,,,,,,,,,,,,,,
1141,,,,,,,,,,,,,,,,,,,,,,,
1142,,,,,,,,,,,,,,,,,,,,,,,
1143,,,,,,,,,,,,,,,,,,,,,,,
1144,,,,,,,,,,,,,,,,,,,,,,,
1145,,,,,,,,,,,,,,,,,,,,,,,
1146,,,,,,,,,,,,,,,,,,,,,,,
1147,,,,,,,,,,,,,,,,,,,,,,,
1148,,,,,,,,,,,,,,,,,,,,,,,
1149,,,,,,,,,,,,,,,,,,,,,,,
1150,,,,,,,,,,,,,,,,,,,,,,,
1151,,,,,,,,,,,,,,,,,,,,,,,
1152,,,,,,,,,,,,,,,,,,,,,,,
1153,,,,,,,,,,,,,,,,,,,,,,,
1154,,,,,,,,,,,,,,,,,,,,,,,
1155,,,,,,,,,,,,,,,,,,,,,,,
1156,,,,,,,,,,,,,,,,,,,,,,,
1157,,,,,,,,,,,,,,,,,,,,,,,
1158,,,,,,,,,,,,,,,,,,,,,,,
1159,,,,,,,,,,,,,,,,,,,,,,,
1160,,,,,,,,,,,,,,,,,,,,,,,
1161,,,,,,,,,,,,,,,,,,,,,,,
1162,,,,,,,,,,,,,,,,,,,,,,,
1163,,,,,,,,,,,,,,,,,,,,,,,
1164,,,,,,,,,,,,,,,,,,,,,,,
1165,,,,,,,,,,,,,,,,,,,,,,,
1166,,,,,,,,,,,,,,,,,,,,,,,
1167,,,,,,,,,,,,,,,,,,,,,,,
1168,,,,,,,,,,,,,,,,,,,,,,,
1169,,,,,,,,,,,,,,,,,,,,,,,
1170,,,,,,,,,,,,,,,,,,,,,,,
1171,,,,,,,,,,,,,,,,,,,,,,,
1172,,,,,,,,,,,,,,,,,,,,,,,
1173,,,,,,,,,,,,,,,,,,,,,,,
1174,,,,,,,,,,,,,,,,,,,,,,,
1175,,,,,,,,,,,,,,,,,,,,,,,
1176,,,,,,,,,,,,,,,,,,,,,,,
1177,,,,,,,,,,,,,,,,,,,,,,,
1178,,,,,,,,,,,,,,,,,,,,,,,
1179,,,,,,,,,,,,,,,,,,,,,,,
1180,,,,,,,,,,,,,,,,,,,,,,,
1181,,,,,,,,,,,,,,,,,,,,,,,
1182,,,,,,,,,,,,,,,,,,,,,,,
1183,,,,,,,,,,,,,,,,,,,,,,,
1184,,,,,,,,,,,,,,,,,,,,,,,
1185,,,,,,,,,,,,,,,,,,,,,,,
1186,,,,,,,,,,,,,,,,,,,,,,,
1187,,,,,,,,,,,,,,,,,,,,,,,
1188,,,,,,,,,,,,,,,,,,,,,,,
1189,,,,,,,,,,,,,,,,,,,,,,,
1190,,,,,,,,,,,,,,,,,,,,,,,
1191,,,,,,,,,,,,,,,,,,,,,,,
1192,,,,,,,,,,,,,,,,,,,,,,,
1193,,,,,,,,,,,,,,,,,,,,,,,
1194,,,,,,,,,,,,,,,,,,,,,,,
1195,,,,,,,,,,,,,,,,,,,,,,,
1196,,,,,,,,,,,,,,,,,,,,,,,
1197,,,,,,,,,,,,,,,,,,,,,,,
1198,,,,,,,,,,,,,,,,,,,,,,,
1199,,,,,,,,,,,,,,,,,,,,,,,
1200,,,,,,,,,,,,,,,,,,,,,,,
1201,,,,,,,,,,,,,,,,,,,,,,,
1202,,,,,,,,,,,,,,,,,,,,,,,
1203,,,,,,,,,,,,,,,,,,,,,,,
1204,,,,,,,,,,,,,,,,,,,,,,,
1205,,,,,,,,,,,,,,,,,,,,,,,
1206,,,,,,,,,,,,,,,,,,,,,,,
1207,,,,,,,,,,,,,,,,,,,,,,,
1208,,,,,,,,,,,,,,,,,,,,,,,
1209,,,,,,,,,,,,,,,,,,,,,,,
1210,,,,,,,,,,,,,,,,,,,,,,,
1211,,,,,,,,,,,,,,,,,,,,,,,
1212,,,,,,,,,,,,,,,,,,,,,,,
1213,,,,,,,,,,,,,,,,,,,,,,,
1214,,,,,,,,,,,,,,,,,,,,,,,
1215,,,,,,,,,,,,,,,,,,,,,,,
1216,,,,,,,,,,,,,,,,,,,,,,,
1217,,,,,,,,,,,,,,,,,,,,,,,
1218,,,,,,,,,,,,,,,,,,,,,,,
1219,,,,,,,,,,,,,,,,,,,,,,,
1220,,,,,,,,,,,,,,,,,,,,,,,
1221,,,,,,,,,,,,,,,,,,,,,,,
1222,,,,,,,,,,,,,,,,,,,,,,,
1223,,,,,,,,,,,,,,,,,,,,,,,
1224,,,,,,,,,,,,,,,,,,,,,,,
1225,,,,,,,,,,,,,,,,,,,,,,,
1226,,,,,,,,,,,,,,,,,,,,,,,
1227,,,,,,,,,,,,,,,,,,,,,,,
1228,,,,,,,,,,,,,,,,,,,,,,,
1229,,,,,,,,,,,,,,,,,,,,,,,
1230,,,,,,,,,,,,,,,,,,,,,,,
1231,,,,,,,,,,,,,,,,,,,,,,,
1232,,,,,,,,,,,,,,,,,,,,,,,
1233,,,,,,,,,,,,,,,,,,,,,,,
1234,,,,,,,,,,,,,,,,,,,,,,,
1235,,,,,,,,,,,,,,,,,,,,,,,
1236,,,,,,,,,,,,,,,,,,,,,,,
1237,,,,,,,,,,,,,,,,,,,,,,,
1238,,,,,,,,,,,,,,,,,,,,,,,
1239,,,,,,,,,,,,,,,,,,,,,,,
1240,,,,,,,,,,,,,,,,,,,,,,,
1241,,,,,,,,,,,,,,,,,,,,,,,
1242,,,,,,,,,,,,,,,,,,,,,,,
1243,,,,,,,,,,,,,,,,,,,,,,,
1244,,,,,,,,,,,,,,,,,,,,,,,
1245,,,,,,,,,,,,,,,,,,,,,,,
1246,,,,,,,,,,,,,,,,,,,,,,,
1247,,,,,,,,,,,,,,,,,,,,,,,
1248,,,,,,,,,,,,,,,,,,,,,,,
1249,,,,,,,,,,,,,,,,,,,,,,,
1250,,,,,,,,,,,,,,,,,,,,,,,
1251,,,,,,,,,,,,,,,,,,,,,,,
1252,,,,,,,,,,,,,,,,,,,,,,,
1253,,,,,,,,,,,,,,,,,,,,,,,
1254,,,,,,,,,,,,,,,,,,,,,,,
1255,,,,,,,,,,,,,,,,,,,,,,,
1256,,,,,,,,,,,,,,,,,,,,,,,
1257,,,,,,,,,,,,,,,,,,,,,,,
1258,,,,,,,,,,,,,,,,,,,,,,,
1259,,,,,,,,,,,,,,,,,,,,,,,
1260,,,,,,,,,,,,,,,,,,,,,,,
1261,,,,,,,,,,,,,,,,,,,,,,,
1262,,,,,,,,,,,,,,,,,,,,,,,
1263,,,,,,,,,,,,,,,,,,,,,,,
1264,,,,,,,,,,,,,,,,,,,,,,,
1265,,,,,,,,,,,,,,,,,,,,,,,
1266,,,,,,,,,,,,,,,,,,,,,,,
1267,,,,,,,,,,,,,,,,,,,,,,,
1268,,,,,,,,,,,,,,,,,,,,,,,
1269,,,,,,,,,,,,,,,,,,,,,,,
1270,,,,,,,,,,,,,,,,,,,,,,,
1271,,,,,,,,,,,,,,,,,,,,,,,
1272,,,,,,,,,,,,,,,,,,,,,,,
1273,,,,,,,,,,,,,,,,,,,,,,,
1274,,,,,,,,,,,,,,,,,,,,,,,
1275,,,,,,,,,,,,,,,,,,,,,,,
1276,,,,,,,,,,,,,,,,,,,,,,,
1277,,,,,,,,,,,,,,,,,,,,,,,
1278,,,,,,,,,,,,,,,,,,,,,,,
1279,,,,,,,,,,,,,,,,,,,,,,,
1280,,,,,,,,,,,,,,,,,,,,,,,
1281,,,,,,,,,,,,,,,,,,,,,,,
1282,,,,,,,,,,,,,,,,,,,,,,,
1283,,,,,,,,,,,,,,,,,,,,,,,
1284,,,,,,,,,,,,,,,,,,,,,,,
1285,,,,,,,,,,,,,,,,,,,,,,,
1286,,,,,,,,,,,,,,,,,,,,,,,
1287,,,,,,,,,,,,,,,,,,,,,,,
1288,,,,,,,,,,,,,,,,,,,,,,,
1289,,,,,,,,,,,,,,,,,,,,,,,
1290,,,,,,,,,,,,,,,,,,,,,,,
1291,,,,,,,,,,,,,,,,,,,,,,,
1292,,,,,,,,,,,,,,,,,,,,,,,
1293,,,,,,,,,,,,,,,,,,,,,,,
1294,,,,,,,,,,,,,,,,,,,,,,,
1295,,,,,,,,,,,,,,,,,,,,,,,
1296,,,,,,,,,,,,,,,,,,,,,,,
1297,,,,,,,,,,,,,,,,,,,,,,,
1298,,,,,,,,,,,,,,,,,,,,,,,
1299,,,,,,,,,,,,,,,,,,,,,,,
1300,,,,,,,,,,,,,,,,,,,,,,,
1301,,,,,,,,,,,,,,,,,,,,,,,
1302,,,,,,,,,,,,,,,,,,,,,,,
1303,,,,,,,,,,,,,,,,,,,,,,,
1304,,,,,,,,,,,,,,,,,,,,,,,
1305,,,,,,,,,,,,,,,,,,,,,,,
1306,,,,,,,,,,,,,,,,,,,,,,,
1307,,,,,,,,,,,,,,,,,,,,,,,
1308,,,,,,,,,,,,,,,,,,,,,,,
1309,,,,,,,,,,,,,,,,,,,,,,,
1310,,,,,,,,,,,,,,,,,,,,,,,
1311,,,,,,,,,,,,,,,,,,,,,,,
1312,,,,,,,,,,,,,,,,,,,,,,,
1313,,,,,,,,,,,,,,,,,,,,,,,
1314,,,,,,,,,,,,,,,,,,,,,,,
1315,,,,,,,,,,,,,,,,,,,,,,,
1316,,,,,,,,,,,,,,,,,,,,,,,
1317,,,,,,,,,,,,,,,,,,,,,,,
1318,,,,,,,,,,,,,,,,,,,,,,,
1319,,,,,,,,,,,,,,,,,,,,,,,
1320,,,,,,,,,,,,,,,,,,,,,,,
1321,,,,,,,,,,,,,,,,,,,,,,,
1322,,,,,,,,,,,,,,,,,,,,,,,
1323,,,,,,,,,,,,,,,,,,,,,,,
1324,,,,,,,,,,,,,,,,,,,,,,,
1325,,,,,,,,,,,,,,,,,,,,,,,
1326,,,,,,,,,,,,,,,,,,,,1.5031,1326.0,,
1327,,,,,,,,,,,,,,,,,,,,0.6204,1327.0,,
1328,,,,,,,,,,,,,,,,,,,,-0.442,1328.0,,
1329,,,,,,,,,,,,,,,,,,,,0.8143,1329.0,,
1330,,,,,,,,,,,,,,,,,,,,-0.0455,1330.0,,
1331,,,,,,,,,,,,,,,,,,,,2.7002,1331.0,,
1332,,,,,,,,,,,,,,,,,,,,0.9753,1332.0,,
1333,,,,,,,,,,,,,,,,,,,,0.6281,1333.0,,
1334,,,,,,,,,,,,,,,,,,,,-0.4999,1334.0,,
1335,,,,,,,,,,,,,,,,,,,,-0.744,1335.0,,
1336,,,,,,,,,,,,,,,,,,,,-0.395,1336.0,,
1337,,,,,,,,,,,,,,,,,,,,-0.3421,1337.0,,
1338,,,,,,,,,,,,,,,,,,,,0.4741,1338.0,,
1339,,,,,,,,,,,,,,,,,,,,1.1174,1339.0,,
1340,,,,,,,,,,,,,,,,,,,,1.4016,1340.0,,
1341,,,,,,,,,,,,,,,,,,,,0.6666,1341.0,,
1342,,,,,,,,,,,,,,,,,,,,0.4429,1342.0,,
1343,,,,,,,,,,,,,,,,,,,,0.7811,1343.0,,
1344,,,,,,,,,,,,,,,,,,,,0.2602,1344.0,,
1345,,,,,,,,,,,,,,,,,,,,0.6372,1345.0,,
1346,,,,,,,,,,,,,,,,,,,,0.1283,1346.0,,
1347,,,,,,,,,,,,,,,,,,,,0.6705,1347.0,,
1348,,,,,,,,,,,,,,,,,,,,-0.466,1348.0,,
1349,,,,,,,,,,,,,,,,,,,,-1.1632,1349.0,,
1350,,,,,,,,,,,,,,,,,,,,-0.3037,1350.0,,
1351,,,,,,,,,,,,,,,,,,,,0.2652,1351.0,,
1352,,,,,,,,,,,,,,,,,,,,-0.1343,1352.0,,
1353,,,,,,,,,,,,,,,,,,,,0.4363,1353.0,,
1354,,,,,,,,,,,,,,,,,,,,0.5752,1354.0,,
1355,,,,,,,,,,,,,,,,,,,,1.9832,1355.0,,
1356,,,,,,,,,,,,,,,,,,,,0.0793,1356.0,,
1357,,,,,,,,,,,,,,,,,,,,2.3779,1357.0,,
1358,,,,,,,,,,,,,,,,,,,,0.5318,1358.0,,
1359,,,,,,,,,,,,,,,,,,,,-0.1364,1359.0,,
1360,,,,,0.0986,1360.0,,,,,,,,,,,,,,1.9758,1360.0,,
1361,,,,,1.0685,1361.0,,,,,,,,,,,,,,2.8787,1361.0,,
1362,,,,,0.9552,1362.0,,,,,,,,,,,,,,0.4164,1362.0,,
1363,,,,,-0.0621,1363.0,,,,,,,,,,,,,,1.4444,1363.0,,
1364,,,,,1.1195,1364.0,,,,,,,,,,,,,,1.6657,1364.0,,
1365,,,,,-0.7864,1365.0,,,,,,,,,,,,,,-0.1166,1365.0,,
1366,,,,,0.0478,1366.0,,,,,,,,,,,,,,-0.4589,1366.0,,
1367,,,,,0.8333,1367.0,,,,,,,,,,,,,,-0.1024,1367.0,,
1368,,,,,-0.2063,1368.0,,,,,,,,,,,,,,-0.8344,1368.0,,
1369,,,,,-1.7838,1369.0,,,,,,,,,,,,,,-1.0508,1369.0,,
1370,,,,,-0.9593,1370.0,,,,,,,,,,,,,,0.0503,1370.0,,
1371,,,,,0.4837,1371.0,,,,,,,,,,,,,,1.4545,1371.0,,
1372,,,,,-0.3298,1372.0,,,,,,,,,,,,,,0.3099,1372.0,,
1373,,,,,0.4618,1373.0,,,,,,,,,,,,,,1.6184,1373.0,,
1374,,,,,-0.4424,1374.0,,,,,,,,,,,,,,-0.0013,1374.0,,
1375,,,,,-0.4371,1375.0,,,,,,,,,,,,,,0.5214,1375.0,,
1376,,,,,2.3365,1376.0,,,,,,,,,,,,,,1.5488,1376.0,,
1377,,,,,0.8198,1377.0,,,,,,,,,,,,,,-0.8161,1377.0,,
1378,,,,,0.3906,1378.0,,,,,,,,,,,,,,-0.8916,1378.0,,
1379,,,,,-0.438,1379.0,,,,,,,,,,,,,,-0.4132,1379.0,,
1380,,,,,-1.7301,1380.0,,,,,,,,,,,,,,-0.052,1380.0,,
1381,,,,,-0.7084,1381.0,,,,,,,,,,,,,,-0.1346,1381.0,,
1382,,,,,0.1838,1382.0,,,,,,,,,,,,,,0.9032,1382.0,,
1383,,,,,-0.7457,1383.0,,,,,,,,,,,,,,1.27,1383.0,,
1384,,,,,1.4321,1384.0,,,,,,,,,,,,,,1.2521,1384.0,,
1385,,,,,0.5488,1385.0,,,,,,,,,,,,,,1.477,1385.0,,
1386,,,,,-1.0494,1386.0,,,,,,,,,,,,,,-0.7416,1386.0,,
1387,,,,,1.4799,1387.0,,,,,,,,,,,,,,-0.2577,1387.0,,
1388,,,,,-0.2038,1388.0,,,,,,,,,,,,,,0.5004,1388.0,,
1389,,,,,-0.5346,1389.0,,,,,,,,,,,,,,0.3964,1389.0,,
1390,,,,,-1.7577,1390.0,,,,,,,,,,,,,,-1.0872,1390.0,,
1391,,,,,-1.8409,1391.0,,,,,,,,,,,,,,0.2958,1391.0,,
1392,,,,,-0.2103,1392.0,,,,,,,,,,,,,,0.5691,1392.0,,
1393,,,,,0.7574,1393.0,,,,,,,,,,,,,,0.4005,1393.0,,
1394,,,,,0.3407,1394.0,,,,,,,,,,,,,,0.3354,1394.0,,
1395,,,,,-0.9984,1395.0,,,,,,,,,,,,,,1.263,1395.0,,
1396,,,,,-0.2244,1396.0,,,,,,,,,,,,,,0.2821,1396.0,,
1397,,,,,-0.4685,1397.0,,,,,,,,,,,,,,-0.1092,1397.0,,
1398,,,,,-0.3952,1398.0,,,,,,,,,,,,,,0.4041,1398.0,,
1399,,,,,-0.72,1399.0,,,,,,,,,,,,,,0.1277,1399.0,,
1400,,,,,-0.9979,1400.0,,,,,,,,,,,,,,-0.9147,1400.0,,
1401,,,,,0.2689,1401.0,,,,,,,,,,,,,,0.203,1401.0,,
1402,,,,,-0.5143,1402.0,,,,,,,,,,,,,,1.3104,1402.0,,
1403,,,,,-1.5535,1403.0,,,,,,,,,,,,,,0.4791,1403.0,,
1404,,,,,-1.9348,1404.0,,,,,,,,,,,,,,-1.2801,1404.0,,
1405,,,,,-1.3058,1405.0,,,,,,,,,,,,,,-0.8027,1405.0,,
1406,,,,,-0.1716,1406.0,,,,,,,,,,,,,,0.1131,1406.0,,
1407,,,,,0.3112,1407.0,,,,,,,,,,,,,,0.4679,1407.0,,
1408,,,,,-1.5585,1408.0,,,,,,,,,,,,,,-1.1415,1408.0,,
1409,,,,,-0.6395,1409.0,,,,,,,,,,,,,,-0.3187,1409.0,,
1410,,,,,-0.7493,1410.0,,,,,,,,,,,,,,-0.2112,1410.0,,
1411,,,,,-1.5887,1411.0,,,,,,,,,,,,,,-1.2993,1411.0,,
1412,,,,,-0.2493,1412.0,,,,,,,,,,,,,,0.3513,1412.0,,
1413,,,,,1.5291,1413.0,,,,,,,,,,,,,,1.1685,1413.0,,
1414,,,,,0.0175,1414.0,,,,,,,,,,,,,,-0.0566,1414.0,,
1415,,,,,1.2637,1415.0,,,,,,,,,,,,,,0.6352,1415.0,,
1416,,,,,-1.5143,1416.0,,,,,,,,,,,,,,-0.9422,1416.0,,
1417,,,,,-0.8019,1417.0,,,,,,,,,,,,,,0.0918,1417.0,,
1418,,,,,-1.0366,1418.0,,,,,,,,,,,,,,-0.7312,1418.0,,
1419,,,,,-0.1602,1419.0,,,,,,,,,,,,,,0.6147,1419.0,,
1420,,,,,-1.152,1420.0,,,,,,,,,,,,,,-0.1879,1420.0,,
1421,,,,,-0.4942,1421.0,,,,,,,,,,,,,,0.5549,1421.0,,
1422,,,,,1.339,1422.0,,,,,,,,,,,,,,1.7341,1422.0,,
1423,,,,,0.906,1423.0,,,,,,,,,,,,,,-0.3938,1423.0,,
1424,,,,,-0.5725,1424.0,,,,,,,,,,,,,,-0.2797,1424.0,,
1425,,,,,-1.2552,1425.0,,,,,,,,,,,,,,-0.0919,1425.0,,
1426,,,,,-0.3621,1426.0,,,,,,,,,,,,,,-0.4779,1426.0,,
1427,,,,,-0.8467,1427.0,,,,,,,,,,,,,,-0.2025,1427.0,,
1428,,,,,-1.0115,1428.0,,,,,,,,,,,,,,-0.3939,1428.0,,
1429,,,,,-1.3293,1429.0,,,,,,,,,,,,,,-0.0817,1429.0,,
1430,,,,,-0.6823,1430.0,,,,,,,,,,,,,,0.0567,1430.0,,
1431,,,,,-1.5273,1431.0,,,,,,,,,,,,,,-0.4444,1431.0,,
1432,,,,,-0.5612,1432.0,,,,,,,,,,,,,,-0.86,1432.0,,
1433,,,,,-1.0799,1433.0,,,,,,,,,,,,,,-0.4819,1433.0,,
1434,,,,,0.1015,1434.0,,,,,,,,,,,,,,-0.1497,1434.0,,
1435,,,,,-1.3603,1435.0,,,,,,,,,,,,,,-0.6545,1435.0,,
1436,,,,,-0.5365,1436.0,,,,,,,,,,,,,,0.0679,1436.0,,
1437,,,,,-1.0539,1437.0,,,,,,,,,,,,,,-0.758,1437.0,,
1438,,,,,-0.6047,1438.0,,,,,,,,,,,,,,-0.9892,1438.0,,
1439,,,,,-1.7254,1439.0,,,,,,,,,,,,,,-0.5332,1439.0,,
1440,,,,,0.5589,1440.0,,,,,,,,,,,,,,0.6986,1440.0,,
1441,,,,,-0.3701,1441.0,,,,,,,,,,,,,,-1.0212,1441.0,,
1442,,,,,-0.5427,1442.0,,,,,,,,,,,,,,0.2451,1442.0,,
1443,,,,,-0.0567,1443.0,,,,,,,,,,,,,,-0.7764,1443.0,,
1444,,,,,0.2301,1444.0,,,,,,,,,,,,,,0.5138,1444.0,,
1445,,,,,0.1616,1445.0,,,,,,,,,,,,,,-0.2343,1445.0,,
1446,,,,,-0.0715,1446.0,,,,,,,,,,,,,,-0.9502,1446.0,,
1447,,,,,0.3478,1447.0,,,,,,,,,,,,,,0.4132,1447.0,,
1448,,,,,0.3792,1448.0,,,,,,,,,,,,,,0.6113,1448.0,,
1449,,,,,-1.2063,1449.0,,,,,,,,,,,,,,-0.2729,1449.0,,
1450,,,,,-0.488,1450.0,,,,,,,,,,,,,,0.2191,1450.0,,
1451,,,,,0.3466,1451.0,,,,,,,,,,,,,,0.2488,1451.0,,
1452,,,,,0.6621,1452.0,,,,,,,,,,,,,,0.4272,1452.0,,
1453,,,,,-0.0706,1453.0,,,,,,,,,,,,,,0.0499,1453.0,,
1454,,,,,1.2262,1454.0,,,,,,,,,,,,,,0.6164,1454.0,,
1455,,,,,0.0287,1455.0,,,,,,,,,,,,,,-0.39,1455.0,,
1456,,,,,-1.5965,1456.0,,,,,,,,,,,,,,-0.7705,1456.0,,
1457,,,,,0.2592,1457.0,,,,,,,,,,,,,,0.6372,1457.0,,
1458,,,,,0.663,1458.0,,,,,,,,,,,,,,-0.2511,1458.0,,
1459,,,,,-0.3818,1459.0,,,,,,,,,,,,,,-0.822,1459.0,,
1460,,,,,-0.215,1460.0,,,,,,,,,,,,,,-0.6846,1460.0,,
1461,,,,,0.6084,1461.0,,,,,,,,,,,,,,-0.4422,1461.0,,
1462,,,,,1.1263,1462.0,,,,,,,,,,,,,,0.3892,1462.0,,
1463,,,,,1.2215,1463.0,,,,,,,,,,,,,,0.3519,1463.0,,
1464,,,,,-0.0195,1464.0,,,,,,,,,,,,,,-0.0194,1464.0,,
1465,,,,,-0.6454,1465.0,,,,,,,,,,,,,,-0.4727,1465.0,,
1466,,,,,-0.6578,1466.0,,,,,,,,,,,,,,-0.4029,1466.0,,
1467,,,,,0.4317,1467.0,,,,,,,,,,,,,,-0.1398,1467.0,,
1468,,,,,0.5328,1468.0,,,,,,,,,,,,,,0.1426,1468.0,,
1469,,,,,0.8658,1469.0,,,,,,,,,,,,,,0.6161,1469.0,,
1470,,,,,0.8152,1470.0,,,,,,,,,,,,,,0.1502,1470.0,,
1471,,,,,0.5571,1471.0,,,,,,,,,,,,,,-0.0046,1471.0,,
1472,,,,,0.4057,1472.0,,,,,,,,,,,,,,0.3352,1472.0,,
1473,,,,,0.0803,1473.0,,,,,,,,,,,,,,0.367,1473.0,,
1474,,,,,0.4174,1474.0,,,,,,,,,,,,,,-0.6979,1474.0,,
1475,,,,,-0.6062,1475.0,,,,,,,,,,,,,,-0.216,1475.0,,
1476,,,,,-0.8462,1476.0,,,,,,,,,,,,,,-0.2485,1476.0,,
1477,,,,,-0.8186,1477.0,,,,,,,,,,,,,,0.0023,1477.0,,
1478,,,,,1.4979,1478.0,,,,,,,,,,,,,,-0.1004,1478.0,,
1479,,,,,-0.6867,1479.0,,,,,,,,,,,,,,-0.906,1479.0,,
1480,,,,,-0.0716,1480.0,,,,,,,,,,,,,,-0.8206,1480.0,,
1481,,,,,-0.5694,1481.0,,,,,,,,,,,,,,-1.0356,1481.0,,
1482,,,,,-0.8219,1482.0,,,,,,,,,,,,,,-0.3894,1482.0,,
1483,,,,,-0.3542,1483.0,,,,,,,,,,,,,,-0.1252,1483.0,,
1484,,,,,0.3981,1484.0,,,,,,,,,,,,,,-0.8446,1484.0,,
1485,,,,,-1.1308,1485.0,,,,,,,,,,,,,,-1.146,1485.0,,
1486,,,,,-0.2753,1486.0,,,,,,,,,,,,,,-0.4363,1486.0,,
1487,,,,,1.3082,1487.0,,,,,,,,,,,,,,-0.3175,1487.0,,
1488,,,,,0.2612,1488.0,,,,,,,,,,,,,,-0.3158,1488.0,,
1489,,,,,-0.3015,1489.0,,,,,,,,,,,,,,-0.1334,1489.0,,
1490,,,,,0.0045,1490.0,,,,,,,,,,,,,,-0.0828,1490.0,,
1491,,,,,1.0448,1491.0,,,,,,,,,,,,,,0.0254,1491.0,,
1492,,,,,1.6732,1492.0,,,,,,,,,,,,,,0.71,1492.0,,
1493,,,,,1.7041,1493.0,,,,,,,,,,,,,,0.3348,1493.0,,
1494,,,,,-0.7088,1494.0,,,,,,,,,,,,,,-1.0794,1494.0,,
1495,,,,,-0.1599,1495.0,,,,,,,,,,,,,,0.3319,1495.0,,
1496,,,,,0.1731,1496.0,,,,,,,,,,,,,,0.0463,1496.0,,
1497,,,,,0.6787,1497.0,,,,,,,,,,,,,,0.2871,1497.0,,
1498,,,,,-1.2415,1498.0,,,,,,,,,,,,,,-0.539,1498.0,,
1499,,,,,-0.4941,1499.0,,,,,,,,,,,,,,-0.7818,1499.0,,
1500,,,,,0.1094,1500.0,,,,,,,,,,,,,,-1.1327,1500.0,,
1501,,,,,-0.3911,1501.0,,,,,,,,,,,,,,0.4171,1501.0,,
1502,,,,,-0.9275,1502.0,,,,,,,,,,,,,,0.3215,1502.0,,
1503,,,,,0.5695,1503.0,,,,,,,,,,,,,,-0.8185,1503.0,,
1504,,,,,-0.1307,1504.0,,,,,,,,,,,,,,0.1885,1504.0,,
1505,,,,,-0.8927,1505.0,,,,,,,,,,,,,,-0.7638,1505.0,,
1506,,,,,-1.2685,1506.0,,,,,,,,,,,,,,-0.7631,1506.0,,
1507,,,,,0.2264,1507.0,,,,,,,,,,,,,,0.1644,1507.0,,
1508,,,,,-0.7932,1508.0,,,,,,,,,,,,,,0.2097,1508.0,,
1509,,,,,0.3947,1509.0,,,,,,,,,,,,,,1.001,1509.0,,
1510,,,,,0.9721,1510.0,,,,,,,,,,,,,,1.5765,1510.0,,
1511,,,,,0.3119,1511.0,,,,,,,,,,,,,,-0.4034,1511.0,,
1512,,,,,0.234,1512.0,,,,,,,,,,,,,,0.1245,1512.0,,
1513,,,,,0.5664,1513.0,,,,,,,,,,,,,,-0.2665,1513.0,,
1514,,,,,-0.5416,1514.0,,,,,,,,,,,,,,0.9501,1514.0,,
1515,,,,,-0.92,1515.0,,,,,,,,,,,,,,-1.2828,1515.0,,
1516,,,,,1.0901,1516.0,,,,,,,,,,,,,,0.8477,1516.0,,
1517,,,,,1.2326,1517.0,,,,,,,,,,,,,,1.0876,1517.0,,
1518,,,,,1.8663,1518.0,,,,,,,,,,,,,,0.4816,1518.0,,
1519,,,,,-0.1615,1519.0,,,,,,,,,,,,,,-0.4645,1519.0,,
1520,,,,,1.4015,1520.0,,,,,,,,,,,,,,0.356,1520.0,,
1521,,,,,0.5033,1521.0,,,,,,,,,,,,,,0.1117,1521.0,,
1522,,,,,1.3619,1522.0,,,,,,,,,,,,,,0.4199,1522.0,,
1523,,,,,-0.0533,1523.0,,,,,,,,,,,,,,-0.601,1523.0,,
1524,,,,,2.2894,1524.0,,,,,,,,,,,,,,1.4211,1524.0,,
1525,,,,,0.8207,1525.0,,,,,,,,,,,,,,0.2941,1525.0,,
1526,,,,,0.5061,1526.0,,,,,,,,,,,,,,0.5404,1526.0,,
1527,,,,,-0.7137,1527.0,,,,,,,,,,,,,,-1.7238,1527.0,,
1528,,,,,-0.1052,1528.0,,,,,,,,,,,,,,-0.0745,1528.0,,
1529,,,,,0.2722,1529.0,,,,,,,,,,,,,,-0.1209,1529.0,,
1530,,,,,0.385,1530.0,,,,,,,,,,,,,,1.8682,1530.0,,
1531,,,,,-0.4592,1531.0,,,,,,,,,,,,,,-0.8531,1531.0,,
1532,,,,,1.126,1532.0,,,,,,,,,,,,,,0.2528,1532.0,,
1533,,,,,1.2482,1533.0,,,,,,,,,,,,,,-0.1283,1533.0,,
1534,,,,,1.3631,1534.0,,,,,,,,,,,,,,1.566,1534.0,,
1535,,,,,-1.3166,1535.0,,,,,,,,,,,,,,-0.4093,1535.0,,
1536,,,,,0.1845,1536.0,,,,,,,,,,,,,,0.793,1536.0,,
1537,,,,,0.6642,1537.0,,,,,,,,,,,,,,1.2535,1537.0,,
1538,,,,,0.03,1538.0,,,,,,,,,,,,,,1.0231,1538.0,,
1539,,,,,-0.9748,1539.0,,,,,,,,,,,,,,-0.3256,1539.0,,
1540,,,,,-0.7425,1540.0,,,,,,,,,,,,,,1.0918,1540.0,,
1541,,,,,-0.6779,1541.0,,,,,,,,,,,,,,-0.3613,1541.0,,
1542,,,,,0.8475,1542.0,,,,,,,,,,,,,,-0.3642,1542.0,,
1543,,,,,0.22,1543.0,,,,,,,,,,,,,,-0.768,1543.0,,
1544,,,,,-0.8661,1544.0,,,,,,,,,,,,,,-0.9553,1544.0,,
1545,,,,,0.2254,1545.0,,,,,,,,,,,,,,0.1809,1545.0,,
1546,,,,,1.0899,1546.0,,,,,,,,,,,,,,0.2242,1546.0,,
1547,,,,,0.654,1547.0,,,,,,,,,,,,,,0.7553,1547.0,,
1548,,,,,0.5743,1548.0,,,,,,,,,,,,,,0.1256,1548.0,,
1549,,,,,-0.9386,1549.0,,,,,,,,,,,,,,-0.7258,1549.0,,
1550,,,,,-0.8546,1550.0,,,,,,,,,,,,,,1.0115,1550.0,,
1551,,,,,0.0334,1551.0,,,,,,,,,,,,,,-0.3731,1551.0,,
1552,,,,,-0.4312,1552.0,,,,,,,,,,,,,,-0.1123,1552.0,,
1553,,,,,-0.3547,1553.0,,,,,,,,,,,,,,0.2771,1553.0,,
1554,,,,,1.4892,1554.0,,,,,,,,,,,,,,0.8529,1554.0,,
1555,,,,,0.0086,1555.0,,,,,,,,,,,,,,-1.6707,1555.0,,
1556,,,,,1.7071,1556.0,,,,,,,,,,,,,,0.8516,1556.0,,
1557,,,,,0.7955,1557.0,,,,,,,,,,,,,,0.6423,1557.0,,
1558,,,,,-0.7859,1558.0,,,,,,,,,,,,,,-0.0172,1558.0,,
1559,,,,,0.3569,1559.0,,,,,,,,,,,,,,1.6621,1559.0,,
1560,,,,,-0.8723,1560.0,,,,,,,,,,,,,,-0.8382,1560.0,,
1561,,,,,0.8148,1561.0,,,,,,,,,,,,,,1.0304,1561.0,,
1562,,,,,-0.4509,1562.0,,,,,,,,,,,,,,-0.4394,1562.0,,
1563,,,,,-0.8198,1563.0,,,,,,,,,,,,,,1.3375,1563.0,,
1564,,,,,-0.6612,1564.0,,,,,,,,,,,,,,-0.2547,1564.0,,
1565,,,,,-0.1311,1565.0,,,,,,,,,,,,,,-1.3742,1565.0,,
1566,,,,,-0.5769,1566.0,,,,,,,,,,,,,,-0.0253,1566.0,,
1567,,,,,0.2214,1567.0,,,,,,,,,,,,,,1.9121,1567.0,,
1568,,,,,0.0188,1568.0,,,,,,,,,,,,,,0.2575,1568.0,,
1569,,,,,-0.9763,1569.0,,,,,,,,,,,,,,-0.7805,1569.0,,
1570,,,,,-0.3474,1570.0,,,,,,,,,,,,,,-1.2611,1570.0,,
1571,,,,,-0.7301,1571.0,,,,,,,,,,,,,,-0.756,1571.0,,
1572,,,,,-0.5007,1572.0,,,,,,,,,,,,,,-0.7694,1572.0,,
1573,,,,,-1.0956,1573.0,,,,,,,,,,,,,,-0.6441,1573.0,,
1574,,,,,0.6114,1574.0,,,,,,,,,,,,,,-0.0906,1574.0,,
1575,,,,,-1.0167,1575.0,,,,,,,,,,,,,,-0.1502,1575.0,,
1576,,,,,-0.2863,1576.0,,,,,,,,,,,,,,0.094,1576.0,,
1577,,,,,1.1809,1577.0,,,,,,,,,,,,,,-0.0016,1577.0,,
1578,,,,,1.4814,1578.0,,,,,,,,,,,,,,0.5413,1578.0,,
1579,,,,,0.9454,1579.0,,,,,,,,,,,,,,-1.1213,1579.0,,
1580,,,,,0.512,1580.0,,,,,,,,,,,,,,0.0197,1580.0,,
1581,,,,,1.1585,1581.0,,,,,,,,,,,,,,0.4721,1581.0,,
1582,,,,,0.4572,1582.0,,,,,,,,,,,,,,-0.0646,1582.0,,
1583,,,,,0.9778,1583.0,,,,,,,,,,,,,,1.1323,1583.0,,
1584,,,,,-0.6099,1584.0,,,,,,,,,,,,,,-0.2837,1584.0,,
1585,,,,,-0.6382,1585.0,,,,,,,,,,,,,,-0.2826,1585.0,,
1586,,,,,-1.5089,1586.0,,,,,,,,,,,,,,-0.3616,1586.0,,
1587,,,,,0.9299,1587.0,,,,,,,,,,,,,,-0.0328,1587.0,,
1588,,,,,0.1665,1588.0,,,,,,,,,,,,,,0.1091,1588.0,,
1589,,,,,-0.1825,1589.0,,,,,,,,,,,,,,-0.2308,1589.0,,
1590,,,,,0.2929,1590.0,,,,,,,,,,,,,,0.856,1590.0,,
1591,,,,,0.752,1591.0,,,,,,,,,,,,,,-0.3223,1591.0,,
1592,,,,,0.2945,1592.0,,,,,,,,,,,,,,0.2381,1592.0,,
1593,,,,,1.1093,1593.0,,,,,,,,,,,,,,0.4632,1593.0,,
1594,,,,,0.8763,1594.0,,,,,,,,,,,,,,-0.7826,1594.0,,
1595,,,,,0.3663,1595.0,,,,,,,,,,,,,,0.3489,1595.0,,
1596,,,,,-0.7008,1596.0,,,,,,,,,,,,,,-0.6633,1596.0,,
1597,,,,,0.509,1597.0,,,,,,,,,,,,,,0.2545,1597.0,,
1598,,,,,0.5119,1598.0,,,,,,,,,,,,,,-0.1761,1598.0,,
1599,,,,,0.6084,1599.0,,,,,,,,,,,,,,-0.1932,1599.0,,
1600,,,,,0.6458,1600.0,,,,,,,,,,,,,,-0.8094,1600.0,,
1601,,,,,-0.4072,1601.0,,,,,,,,,,,,,,-0.6446,1601.0,,
1602,,,,,0.8522,1602.0,,,,,,,,,,,,,,-1.0551,1602.0,,
1603,,,,,1.1837,1603.0,,,,,,,,,,,,,,0.896,1603.0,,
1604,,,,,-0.0416,1604.0,,,,,,,,,,,,,,0.2247,1604.0,,
1605,,,,,-0.094,1605.0,,,,,,,,,,,,,,-0.1094,1605.0,,
1606,,,,,-0.931,1606.0,,,,,,,,,,,,,,-0.214,1606.0,,
1607,,,,,-0.4168,1607.0,,,,,,,,,,,,,,0.1319,1607.0,,
1608,,,,,0.1026,1608.0,,,,,,,,,,,,,,-0.1894,1608.0,,
1609,,,,,1.2108,1609.0,,,,,,,,,,,,,,-0.7509,1609.0,,
1610,,,,,0.0281,1610.0,,,,,,,,,,,,,,0.517,1610.0,,
1611,,,,,-0.1779,1611.0,,,,,,,,,,,,,,0.3106,1611.0,,
1612,,,,,0.6943,1612.0,,,,,,,,,,,,,,0.2221,1612.0,,
1613,,,,,0.0519,1613.0,,,,,,,,,,,,,,-0.3657,1613.0,,
1614,,,,,0.0803,1614.0,,,,,,,,,,,,,,0.0556,1614.0,,
1615,,,,,0.6608,1615.0,,,,,,,,,,,,,,0.9248,1615.0,,
1616,,,,,-0.826,1616.0,,,,,,,,,,,,,,-0.0814,1616.0,,
1617,,,,,-0.3358,1617.0,,,,,,,,,,,,,,-0.5346,1617.0,,
1618,,,,,0.955,1618.0,,,,,,,,,,,,,,-0.2014,1618.0,,
1619,,,,,0.1959,1619.0,,,,,,,,,,,,,,-0.1244,1619.0,,
1620,,,,,-0.0811,1620.0,,,,,,,,,,,,,,-0.8992,1620.0,,
1621,,,,,0.562,1621.0,,,,,,,,,,,,,,-0.6075,1621.0,,
1622,,,,,1.6323,1622.0,,,,,,,,,,,,,,0.396,1622.0,,
1623,,,,,0.4325,1623.0,,,,,,,,,,,,,,-0.8475,1623.0,,
1624,,,,,-0.3478,1624.0,,,,,,,,,,,,,,-1.449,1624.0,,
1625,,,,,-0.6196,1625.0,,,,,,,,,,,,,,-1.1785,1625.0,,
1626,,,,,-1.2059,1626.0,,,,,,,,,,,,,,-0.8725,1626.0,,
1627,,,,,0.0817,1627.0,,,,,,,,,,,,,,-0.757,1627.0,,
1628,,,,,0.5163,1628.0,,,,,,,,,,,,,,-0.014,1628.0,,
1629,,,,,-1.2602,1629.0,,,,,,,,,,,,,,-0.0385,1629.0,,
1630,,,,,-0.3439,1630.0,,,,,,,,,,,,,,0.0455,1630.0,,
1631,,,,,-0.9357,1631.0,,,,,,,,,,,,,,0.4215,1631.0,,
1632,,,,,-0.5334,1632.0,,,,,,,,,,,,,,0.1945,1632.0,,
1633,,,,,-1.0722,1633.0,,,,,,,,,,,,,,-0.8385,1633.0,,
1634,,,,,-0.3769,1634.0,,,,,,,,,,,,,,-0.504,1634.0,,
1635,,,,,-0.1917,1635.0,,,,,,,,,,,,,,0.3695,1635.0,,
1636,,,,,1.2209,1636.0,,,,,,,,,,,,,,0.271,1636.0,,
1637,,,,,1.4904,1637.0,,,29.88,1637.0,,,,,,,,,,-0.344,1637.0,,
1638,,,,,-0.0367,1638.0,,,29.62,1638.0,,,,,,,,,,-0.2695,1638.0,,
1639,,,,,1.8719,1639.0,,,31.72,1639.0,,,,,,,,,,-0.579,1639.0,,
1640,,,,,-0.8972,1640.0,,,30.86,1640.0,,,,,,,,,,-0.3775,1640.0,,
1641,,,,,-0.1282,1641.0,,,29.21,1641.0,,,,,,,,,,0.284,1641.0,,
1642,,,,,-0.2855,1642.0,,,29.9,1642.0,,,,,,,,,,-0.0695,1642.0,,
1643,,,,,0.4424,1643.0,,,29.27,1643.0,,,,,,,,,,-0.074,1643.0,,
1644,,,,,0.1631,1644.0,,,27.92,1644.0,,,,,,,,,,-0.0785,1644.0,,
1645,,,,,0.4681,1645.0,,,28.84,1645.0,,,,,,,,,,-0.3853,1645.0,,
1646,,,,,0.5726,1646.0,,,28.75,1646.0,,,,,,,,,,-0.4995,1646.0,,
1647,,,,,-0.0404,1647.0,,,28.4,1647.0,,,,,,,,,,0.433,1647.0,,
1648,,,,,0.108,1648.0,,,29.93,1648.0,,,,,,,,,,-0.404,1648.0,,
1649,,,,,-0.3341,1649.0,,,27.89,1649.0,,,,,,,,,,0.6064,1649.0,,
1650,,,,,-0.6149,1650.0,,,29.76,1650.0,,,,,,,,,,-0.9435,1650.0,,
1651,,,,,-0.5169,1651.0,,,29.6,1651.0,,,,,,,,,,-0.3295,1651.0,,
1652,,,,,-0.1854,1652.0,,,27.34,1652.0,,,,,,,,,,-0.604,1652.0,,
1653,,,,,0.406,1653.0,,,28.4,1653.0,,,,,,,,,,-1.124,1653.0,,
1654,,,,,0.023,1654.0,,,29.52,1654.0,,,,,,,,,,0.288,1654.0,,
1655,,,,,-0.1731,1655.0,,,29.54,1655.0,,,,,,,,,,0.267,1655.0,,
1656,,,,,-0.2895,1656.0,,,29.39,1656.0,,,,,,,,,,0.424,1656.0,,
1657,,,,,-0.0345,1657.0,,,28.48,1657.0,,,,,,,,,,0.8045,1657.0,,
1658,,,,,-0.254,1658.0,,,28.83,1658.0,,,,,,,,,,0.799,1658.0,,
1659,,,,,0.0822,1659.0,,,27.78,1659.0,,,,,,,,,,0.846,1659.0,,
1660,,,,,0.0209,1660.0,,,28.98,1660.0,,,,,,,,,,1.2755,1660.0,,
1661,,,,,-1.0379,1661.0,,,28.63,1661.0,,,,,,,,,,0.133,1661.0,,
1662,,,,,0.0079,1662.0,,,28.92,1662.0,,,,,,,,,,0.368,1662.0,,
1663,,,,,-1.2146,1663.0,,,29.23,1663.0,,,,,,,,,,-0.42,1663.0,,
1664,,,,,-0.0622,1664.0,,,28.63,1664.0,,,,,,,,,,0.2005,1664.0,,
1665,,,,,-0.3733,1665.0,,,28.87,1665.0,,,,,,,,,,-0.212,1665.0,,
1666,,,,,0.1234,1666.0,,,29.69,1666.0,,,,,,,,,,0.0365,1666.0,,
1667,,,,,-0.2372,1667.0,,,29.49,1667.0,,,,,,,,,,-0.3785,1667.0,,
1668,,,,,0.046,1668.0,,,27.58,1668.0,,,,,,,,,,-0.534,1668.0,,
1669,,,,,0.801,1669.0,,,28.56,1669.0,,,,,,,,,,-0.099,1669.0,,
1670,,,,,-0.3041,1670.0,,,29.71,1670.0,,,,,,,,,,0.0065,1670.0,,
1671,,,,,0.3335,1671.0,,,27.39,1671.0,,,,,,,,,,0.3624,1671.0,,
1672,,,,,0.8156,1672.0,,,27.62,1672.0,,,,,,,,,,-1.2768,1672.0,,
1673,,,,,-0.3086,1673.0,,,28.8,1673.0,,,,,,,,,,-0.3005,1673.0,,
1674,,,,,0.8317,1674.0,,,28.54,1674.0,,,,,,,,,,-1.5,1674.0,,
1675,,,,,-0.7911,1675.0,31.53,1675.0,29.59,1675.0,,,,,,,,,,0.764,1675.0,,
1676,,,,,0.6805,1676.0,30.87,1676.0,27.94,1676.0,,,,,,,,,,-0.0815,1676.0,,
1677,,,,,-1.3099,1677.0,31.46,1677.0,28.8,1677.0,,,,,,,,,,-0.975,1677.0,,
1678,,,,,-1.2588,1678.0,32.05,1678.0,28.49,1678.0,,,,,,,,,,-0.364,1678.0,,
1679,,,,,-1.7783,1679.0,31.32,1679.0,27.11,1679.0,,,,,,,,,,-0.4575,1679.0,,
1680,,,,,-1.7481,1680.0,31.71,1680.0,27.98,1680.0,,,,,,,,,,-0.9,1680.0,,
1681,,,,,-0.5389,1681.0,30.48,1681.0,28.53,1681.0,,,,,,,,,,0.3035,1681.0,,
1682,,,,,-1.1774,1682.0,32.08,1682.0,29.81,1682.0,,,,,,,,,,-0.666,1682.0,,
1683,,,,,0.0551,1683.0,31.96,1683.0,29.34,1683.0,,,,,,,,,,0.4245,1683.0,,
1684,,,,,0.9385,1684.0,30.64,1684.0,28.74,1684.0,,,,,,,,,,-0.321,1684.0,,
1685,,,,,1.0395,1685.0,31.55,1685.0,27.22,1685.0,,,,,,,,,,2.126,1685.0,,
1686,,,,,0.6156,1686.0,32.45,1686.0,29.08,1686.0,,,,,,,,,,1.198,1686.0,,
1687,,,,,0.062,1687.0,30.97,1687.0,29.59,1687.0,,,,,,,,,,0.4332,1687.0,,
1688,,,,,-0.1002,1688.0,31.23,1688.0,28.12,1688.0,,,,,,,,,,0.2715,1688.0,,
1689,,,,,-0.3622,1689.0,31.35,1689.0,29.18,1689.0,,,,,,,,,,-1.3285,1689.0,,
1690,,,,,-0.6481,1690.0,31.17,1690.0,29.48,1690.0,,,,,,,,,,-0.824,1690.0,,
1691,,,,,0.488,1691.0,32.71,1691.0,29.4,1691.0,,,,,,,,,,0.154,1691.0,,
1692,,,,,-2.0502,1692.0,30.6,1692.0,29.18,1692.0,,,,,,,,,,-0.8328,1692.0,,
1693,,,,,-1.5573,1693.0,30.13,1693.0,28.21,1693.0,,,,,,,,,,-0.323,1693.0,,
1694,,,,,0.1774,1694.0,30.82,1694.0,29.28,1694.0,,,,,,,,,,-0.564,1694.0,,
1695,,,,,-0.6562,1695.0,31.16,1695.0,28.76,1695.0,,,,,,,,,,-0.389,1695.0,,
1696,,,,,-0.1481,1696.0,32.02,1696.0,32.02,1696.0,,,,,,,,,,0.376,1696.0,,
1697,,,,,-1.1008,1697.0,30.78,1697.0,29.99,1697.0,,,,,,,,,,0.096,1697.0,,
1698,,,,,-1.0146,1698.0,29.91,1698.0,28.94,1698.0,,,,,,,,,,-0.104,1698.0,,
1699,,,,,-0.1197,1699.0,30.26,1699.0,28.96,1699.0,,,,,,,,,,-0.629,1699.0,,
1700,,,,,-0.7968,1700.0,31.29,1700.0,nan,1700.0,,,,,,,,,,0.0095,1700.0,,
1701,,,,,-0.6679,1701.0,31.74,1701.0,nan,1701.0,,,,,,,,,,-0.2535,1701.0,,
1702,,,,,0.7942,1702.0,31.29,1702.0,28.56,1702.0,,,,,,,,,,-0.404,1702.0,,
1703,,,,,-0.8622,1703.0,31.29,1703.0,27.71,1703.0,,,,,,,,,,-0.914,1703.0,,
1704,,,,,-0.7242,1704.0,31.24,1704.0,30.17,1704.0,,,,,,,,,,0.0205,1704.0,,
1705,,,,,1.1268,1705.0,31.84,1705.0,28.26,1705.0,,,,,,,,,,0.546,1705.0,,
1706,,,,,-0.3612,1706.0,30.65,1706.0,28.89,1706.0,,,,,,,,,,0.186,1706.0,,
1707,,,,,0.1906,1707.0,31.14,1707.0,30.81,1707.0,,,,,,,,,,0.3825,1707.0,,
1708,,,,,-0.2437,1708.0,30.21,1708.0,27.38,1708.0,,,,,,,,,,0.324,1708.0,,
1709,,,,,-2.0607,1709.0,31.22,1709.0,28.97,1709.0,,,,,,,,,,-1.414,1709.0,,
1710,,,,,-0.8633,1710.0,30.86,1710.0,27.27,1710.0,,,,,,,,,,1.556,1710.0,,
1711,,,,,-0.4633,1711.0,29.71,1711.0,30.57,1711.0,,,,,,,,,,-0.105,1711.0,,
1712,,,,,0.2657,1712.0,27.97,1712.0,29.14,1712.0,,,,,,,,,,0.6065,1712.0,,
1713,,,,,-1.1344,1713.0,29.88,1713.0,29.21,1713.0,,,,,,,,,,-0.2845,1713.0,,
1714,,,,,-0.0394,1714.0,30.23,1714.0,29.62,1714.0,,,,,,,,,,-1.914,1714.0,,
1715,,,,,0.839,1715.0,29.83,1715.0,27.57,1715.0,,,,,,,,,,-0.81,1715.0,,
1716,,,,,-0.4151,1716.0,31.77,1716.0,30.07,1716.0,,,,,,,,,,nan,1716.0,,
1717,,,,,1.2979,1717.0,31.51,1717.0,28.64,1717.0,,,,,,,,,,0.844,1717.0,,
1718,,,,,1.3429,1718.0,29.74,1718.0,29.61,1718.0,,,,,,,,,,-0.174,1718.0,,
1719,,,,,1.3214,1719.0,28.44,1719.0,28.11,1719.0,,,,,,,,,,0.5115,1719.0,,
1720,,,,,-0.3961,1720.0,30.9,1720.0,29.08,1720.0,,,,,,,,,,-0.2625,1720.0,,
1721,,,,,1.1319,1721.0,28.88,1721.0,29.3,1721.0,,,,,,,,,,-0.4155,1721.0,,
1722,,,,,0.7577,1722.0,31.84,1722.0,30.11,1722.0,,,,,,,,,,-1.104,1722.0,,
1723,,,,,0.7228,1723.0,28.41,1723.0,28.41,1723.0,,,,,,,,,,-0.9685,1723.0,,
1724,,,,,-0.3525,1724.0,27.53,1724.0,27.49,1724.0,,,,,,,,,,nan,1724.0,,
1725,,,,,-0.9624,1725.0,32.42,1725.0,29.59,1725.0,,,,,,,,,,nan,1725.0,,
1726,,,,,0.9819,1726.0,30.22,1726.0,29.58,1726.0,,,,,,,,,,-0.394,1726.0,,
1727,,,,,-0.1578,1727.0,29.56,1727.0,29.01,1727.0,,,,,,,,,,-0.394,1727.0,,
1728,,,,,0.224,1728.0,29.7,1728.0,28.28,1728.0,,,,,,,,,,0.486,1728.0,,
1729,,,,,-0.0252,1729.0,29.02,1729.0,26.34,1729.0,,,,,,,,,,0.486,1729.0,,
1730,,,,,-0.5717,1730.0,29.69,1730.0,29.46,1730.0,,,,,,,,,,0.336,1730.0,,
1731,,,,,0.6519,1731.0,30.68,1731.0,28.74,1731.0,,,,,,,,,,0.336,1731.0,,
1732,,,,,-0.4187,1732.0,27.89,1732.0,29.95,1732.0,,,,,,,,,,-1.324,1732.0,,
1733,,,,,0.3981,1733.0,31.68,1733.0,29.54,1733.0,,,,,,,,,,-1.324,1733.0,,
1734,,,,,0.7558,1734.0,31.17,1734.0,29.95,1734.0,,,,,,,,,,-0.593,1734.0,,
1735,,,,,-0.8115,1735.0,29.14,1735.0,28.69,1735.0,,,,,,,,,,nan,1735.0,,
1736,,,,,-0.8857,1736.0,26.6,1736.0,29.13,1736.0,,,,,,,,,,nan,1736.0,,
1737,,,,,-0.1502,1737.0,29.65,1737.0,27.93,1737.0,,,,,,,,,,-0.734,1737.0,,
1738,,,,,-0.2387,1738.0,31.8,1738.0,29.96,1738.0,,,,,,,,,,0.716,1738.0,,
1739,,,,,0.1623,1739.0,29.8,1739.0,29.12,1739.0,,,,,,,,,,-1.224,1739.0,,
1740,,,,,-1.6215,1740.0,31.66,1740.0,29.45,1740.0,,,,,,,,,,0.8315,1740.0,,
1741,,,,,-1.4033,1741.0,31.59,1741.0,29.57,1741.0,,,,,,,,,,0.24,1741.0,,
1742,,,,,0.3078,1742.0,31.23,1742.0,27.72,1742.0,,,,,,,,,,0.564,1742.0,,
1743,,,,,0.1214,1743.0,31.95,1743.0,29.79,1743.0,,,,,,,,,,-0.2625,1743.0,,
1744,,,,,0.6938,1744.0,31.37,1744.0,27.87,1744.0,,,,,,,,,,nan,1744.0,,
1745,,,,,-1.2619,1745.0,30.94,1745.0,29.65,1745.0,,,,,,,,,,nan,1745.0,,
1746,,,,,-0.5493,1746.0,31.6,1746.0,28.7,1746.0,,,,,,,,,,nan,1746.0,,
1747,,,,,-1.9774,1747.0,30.49,1747.0,28.21,1747.0,,,,,,,,,,nan,1747.0,,
1748,,,,,-1.029,1748.0,30.88,1748.0,28.29,1748.0,,,,,,,,,,-0.2241,1748.0,,
1749,,,,,-0.6459,1749.0,29.35,1749.0,27.57,1749.0,,,,,,,,,,-0.0998,1749.0,,
1750,,,,,-0.7666,1750.0,30.87,1750.0,29.24,1750.0,,,,,,,,,,-0.8397,1750.0,,
1751,,,,,-1.6069,1751.0,31.54,1751.0,27.04,1751.0,,,,,,,,,,-1.2312,1751.0,,
1752,,,,,-1.3009,1752.0,31.06,1752.0,27.68,1752.0,,,,,,,,,,0.2261,1752.0,,
1753,,,,,-0.8015,1753.0,30.93,1753.0,27.75,1753.0,,,,,,,,,,0.1675,1753.0,,
1754,,,,,-0.8474,1754.0,28.47,1754.0,26.73,1754.0,,,,,,,,,,-0.2229,1754.0,,
1755,,,,,-0.4647,1755.0,32.31,1755.0,28.47,1755.0,,,,,,,,,,-1.3059,1755.0,,
1756,,,,,-1.1291,1756.0,31.32,1756.0,29.22,1756.0,,,,,,,,,,-0.4087,1756.0,,
1757,,,,,0.2396,1757.0,31.08,1757.0,27.71,1757.0,,,,,,,,,,-0.169,1757.0,,
1758,,,,,-0.4902,1758.0,31.97,1758.0,28.61,1758.0,,,,,,,,,,-1.4376,1758.0,,
1759,,,,,0.6145,1759.0,31.99,1759.0,30.48,1759.0,,,,,,,,,,-0.4831,1759.0,,
1760,,,,,0.0305,1760.0,32.9,1760.0,29.17,1760.0,,,,,,,,,,-1.3361,1760.0,,
1761,,,,,0.1487,1761.0,29.4,1761.0,29.1,1761.0,,,,,,,,,,-0.31,1761.0,,
1762,,,,,0.8589,1762.0,30.72,1762.0,28.05,1762.0,,,,,,,,,,0.0879,1762.0,,
1763,,,,,-0.741,1763.0,31.17,1763.0,29.31,1763.0,,,,,,,,,,-0.1598,1763.0,,
1764,,,,,0.3109,1764.0,28.57,1764.0,28.6,1764.0,,,,,,,,,,-0.1752,1764.0,,
1765,,,,,0.1865,1765.0,27.99,1765.0,28.82,1765.0,,,,,,,,,,-0.1191,1765.0,,
1766,,,,,-0.7809,1766.0,30.54,1766.0,27.33,1766.0,,,,,,,,,,-0.3351,1766.0,,
1767,,,,,-0.6065,1767.0,30.01,1767.0,29.21,1767.0,,,,,,,,,,-0.5823,1767.0,,
1768,,,,,-0.3162,1768.0,29.21,1768.0,29.88,1768.0,,,,,,,,,,-0.574,1768.0,,
1769,,,,,-0.5278,1769.0,29.53,1769.0,29.5,1769.0,,,,,,,,,,-0.9147,1769.0,,
1770,,,,,-1.2975,1770.0,29.96,1770.0,30.23,1770.0,,,,,,,,,,-1.624,1770.0,,
1771,,,,,-1.4566,1771.0,29.92,1771.0,27.41,1771.0,,,,,,,,,,-1.5857,1771.0,,
1772,,,,,0.2556,1772.0,29.84,1772.0,28.65,1772.0,,,,,,,,,,-0.6704,1772.0,,
1773,,,,,0.3905,1773.0,29.85,1773.0,30.88,1773.0,,,,,,,,,,-0.3485,1773.0,,
1774,,,,,0.4618,1774.0,28.01,1774.0,30.36,1774.0,,,,,,,,,,-0.4649,1774.0,,
1775,,,,,0.7382,1775.0,29.92,1775.0,28.2,1775.0,,,,,,,,,,0.1804,1775.0,,
1776,,,,,0.6684,1776.0,30.9,1776.0,29.22,1776.0,,,,,,,,,,-0.0463,1776.0,,
1777,,,,,-0.0883,1777.0,31.17,1777.0,29.86,1777.0,,,,,,,,,,0.0162,1777.0,,
1778,,,,,-0.172,1778.0,29.52,1778.0,30.29,1778.0,,,,,,,,,,0.1625,1778.0,,
1779,,,,,-0.0418,1779.0,31.8,1779.0,28.89,1779.0,,,,,,,,,,0.2586,1779.0,,
1780,,,,,0.3117,1780.0,30.02,1780.0,28.08,1780.0,,,,,,,,,,0.1386,1780.0,,
1781,,,,,0.0926,1781.0,29.9,1781.0,28.35,1781.0,,,,,,,,,,0.2557,1781.0,,
1782,,,,,-0.0843,1782.0,29.66,1782.0,31.22,1782.0,,,,,,,,,,-0.1011,1782.0,,
1783,,,,,-0.0878,1783.0,29.51,1783.0,28.02,1783.0,,,,,,,,,,-0.1979,1783.0,,
1784,,,,,-0.4867,1784.0,32.49,1784.0,31.05,1784.0,,,,,,,,,,0.0414,1784.0,,
1785,,,,,-0.5545,1785.0,31.98,1785.0,29.85,1785.0,,,,,,,,,,0.4042,1785.0,,
1786,,,,,-0.8013,1786.0,31.29,1786.0,29.41,1786.0,,,,,,,,,,-0.6374,1786.0,,
1787,,,,,-0.3287,1787.0,29.68,1787.0,28.21,1787.0,,,,,,,,,,-0.1699,1787.0,,
1788,,,,,-1.0939,1788.0,30.11,1788.0,29.55,1788.0,,,,,,,,,,-0.8982,1788.0,,
1789,,,,,-0.4047,1789.0,31.03,1789.0,30.33,1789.0,,,,,,,,,,-0.4648,1789.0,,
1790,,,,,-0.3339,1790.0,30.79,1790.0,29.29,1790.0,,,,,,,,,,-0.0969,1790.0,,
1791,,,,,0.0874,1791.0,30.09,1791.0,28.79,1791.0,,,,,,,,,,-0.5591,1791.0,,
1792,,,,,-0.4874,1792.0,30.34,1792.0,26.9,1792.0,,,,,,,,,,0.0751,1792.0,,
1793,,,,,1.0577,1793.0,30.81,1793.0,29.45,1793.0,,,,,,,,,,0.4496,1793.0,,
1794,,,,,0.7938,1794.0,30.64,1794.0,28.91,1794.0,,,,,,,,,,-0.2044,1794.0,,
1795,,,,,-0.8998,1795.0,29.61,1795.0,28.19,1795.0,,,,,,,,,,-0.5005,1795.0,,
1796,,,,,-0.1585,1796.0,28.5,1796.0,29.3,1796.0,,,,,,,,,,-0.4428,1796.0,,
1797,,,,,0.47,1797.0,28.95,1797.0,29.36,1797.0,,,,,,,,,,0.1338,1797.0,,
1798,,,,,1.0654,1798.0,29.41,1798.0,30.21,1798.0,,,,,,,,,,0.4885,1798.0,,
1799,,,,,-0.0406,1799.0,30.52,1799.0,30.23,1799.0,,,,,,,,,,0.0324,1799.0,,
1800,,,,,0.2295,1800.0,29.25,1800.0,28.8,1800.0,,,,,,,,,,0.2538,1800.0,,
1801,,,,,-0.5971,1801.0,nan,1801.0,30.62,1801.0,,,,,,,,,,-0.3725,1801.0,,
1802,,,,,0.0075,1802.0,31.06,1802.0,28.62,1802.0,,,,,,,,,,0.0419,1802.0,,
1803,,,,,-0.213,1803.0,32.19,1803.0,30.07,1803.0,,,,,,,,,,-0.1596,1803.0,,
1804,,,,,0.5731,1804.0,30.5,1804.0,29.29,1804.0,,,,,,,,,,0.0946,1804.0,,
1805,,,,,0.1886,1805.0,nan,1805.0,27.29,1805.0,,,,,,,,,,-0.4928,1805.0,,
1806,,,,,0.6116,1806.0,30.39,1806.0,28.79,1806.0,,,,,,,,,,0.1512,1806.0,,
1807,,,,,1.5292,1807.0,31.8,1807.0,29.33,1807.0,,,,,,,,,,1.2556,1807.0,,
1808,,,,,0.3385,1808.0,30.57,1808.0,29.66,1808.0,,,,,,,,,,0.3644,1808.0,,
1809,,,,,0.085,1809.0,31.39,1809.0,29.77,1809.0,,,,,,,,,,0.8111,1809.0,,
1810,,,,,1.1224,1810.0,30.12,1810.0,28.51,1810.0,,,,,,,,,,0.8823,1810.0,,
1811,,,,,0.1841,1811.0,30.09,1811.0,27.73,1811.0,,,,,,,,,,0.6813,1811.0,,
1812,,,,,0.6214,1812.0,30.52,1812.0,27.27,1812.0,,,,,,,,,,0.9354,1812.0,,
1813,,,,,-0.3734,1813.0,30.84,1813.0,29.12,1813.0,,,,,,,,,,0.1149,1813.0,,
1814,,,,,-0.7065,1814.0,30.01,1814.0,28.21,1814.0,,,,,,,,,,-0.5836,1814.0,,
1815,,,,,-0.3615,1815.0,29.14,1815.0,26.23,1815.0,,,,,,,,,,-0.4947,1815.0,,
1816,,,,,-1.6179,1816.0,27.03,1816.0,27.73,1816.0,,,,,,,,,,-0.8564,1816.0,,
1817,,,,,0.4417,1817.0,30.03,1817.0,28.68,1817.0,,,,,,,,,,0.5518,1817.0,,
1818,,,,,1.4857,1818.0,30.44,1818.0,nan,1818.0,,,,,,,,,,0.8204,1818.0,,
1819,,,,,-0.384,1819.0,31.26,1819.0,28.43,1819.0,,,,,,,,,,1.0783,1819.0,,
1820,,,,,0.1981,1820.0,31.54,1820.0,29.52,1820.0,,,,,,,,,,0.5754,1820.0,,
1821,,,,,0.1748,1821.0,31.3,1821.0,30.29,1821.0,,,,,,,,,,0.1457,1821.0,,
1822,,,,,1.1948,1822.0,30.9,1822.0,28.86,1822.0,,,,,,,,,,0.7346,1822.0,,
1823,,,,,0.7374,1823.0,31.35,1823.0,28.67,1823.0,,,,,,,,,,0.6339,1823.0,,
1824,,,,,0.141,1824.0,30.55,1824.0,28.75,1824.0,,,,,,,,,,-0.3397,1824.0,,
1825,,,,,2.3021,1825.0,28.8,1825.0,nan,1825.0,,,,,,,,,,1.8601,1825.0,,
1826,,,,,1.1471,1826.0,28.9,1826.0,29.15,1826.0,,,,,,,,,,0.4493,1826.0,,
1827,,,,,0.6844,1827.0,28.26,1827.0,25.31,1827.0,,,,,,,,,,-0.3169,1827.0,,
1828,,,,,0.99,1828.0,30.96,1828.0,28.66,1828.0,,,,,,,,,,-0.1579,1828.0,,
1829,,,,,0.0017,1829.0,31.15,1829.0,29.46,1829.0,,,,,,,,,,-0.2089,1829.0,,
1830,29.36,1830.0,,,0.065,1830.0,31.16,1830.0,30.55,1830.0,,,,,,,,,,-0.2459,1830.0,,
1831,28.76,1831.0,,,-0.3023,1831.0,31.35,1831.0,30.21,1831.0,,,,,,,,,,-0.7679,1831.0,,
1832,29.09,1832.0,,,1.416,1832.0,30.88,1832.0,27.45,1832.0,,,,,,,,,,0.5887,1832.0,,
1833,28.97,1833.0,,,1.7263,1833.0,30.19,1833.0,27.7,1833.0,,,,,,,,,,1.1224,1833.0,,
1834,29.05,1834.0,,,1.8006,1834.0,30.58,1834.0,29.83,1834.0,,,,,,,,,,0.9849,1834.0,,
1835,29.57,1835.0,,,1.8936,1835.0,30.06,1835.0,29.96,1835.0,,,,,,,,,,1.0925,1835.0,,
1836,28.13,1836.0,,,0.9502,1836.0,29.43,1836.0,28.13,1836.0,,,,,,,,,,0.2026,1836.0,,
1837,28.25,1837.0,,,-0.8555,1837.0,29.28,1837.0,27.73,1837.0,,,,,,,,,,-0.6246,1837.0,,
1838,28.37,1838.0,,,-0.1182,1838.0,30.68,1838.0,27.34,1838.0,,,,,,,,,,0.2414,1838.0,,
1839,28.04,1839.0,,,0.408,1839.0,30.21,1839.0,29.03,1839.0,,,,,,,,,,0.2946,1839.0,,
1840,28.79,1840.0,,,1.348,1840.0,30.38,1840.0,29.67,1840.0,,,,,,,,,,0.2521,1840.0,,
1841,28.18,1841.0,,,-0.2978,1841.0,31.56,1841.0,28.81,1841.0,,,,,,,,,,0.2029,1841.0,,
1842,28.66,1842.0,,,1.4431,1842.0,31.65,1842.0,29.36,1842.0,,,,,,,,,,0.8509,1842.0,,
1843,28.43,1843.0,,,-0.7554,1843.0,30.93,1843.0,29.03,1843.0,,,,,,,,,,-0.7818,1843.0,,
1844,28.86,1844.0,,,0.5207,1844.0,30.94,1844.0,28.7,1844.0,,,,,,,,,,-1.0931,1844.0,,
1845,27.91,1845.0,,,-0.9028,1845.0,30.27,1845.0,26.83,1845.0,,,,,,,,,,-1.3532,1845.0,,
1846,28.42,1846.0,,,1.6731,1846.0,29.3,1846.0,28.65,1846.0,,,,,,,,,,0.9037,1846.0,,
1847,29.05,1847.0,,,0.8371,1847.0,30.73,1847.0,29.44,1847.0,,,,,,,,,,-0.2637,1847.0,,
1848,28.43,1848.0,,,0.9476,1848.0,30.37,1848.0,29.29,1848.0,,,,,,,,,,nan,1848.0,,
1849,29.71,1849.0,,,0.9492,1849.0,32.03,1849.0,30.61,1849.0,,,,,,,,,,0.1584,1849.0,,
1850,28.68,1850.0,,,1.2509,1850.0,30.8,1850.0,29.06,1850.0,,,,,,,,,,0.2447,1850.0,29.3,1850.0
1851,28.85,1851.0,,,1.3244,1851.0,29.36,1851.0,29.83,1851.0,,,,,,,,,,0.6492,1851.0,29.28,1851.0
1852,29.29,1852.0,,,0.4242,1852.0,31.62,1852.0,29.28,1852.0,,,,,,,,,,0.6017,1852.0,28.7,1852.0
1853,28.24,1853.0,,,0.3351,1853.0,29.49,1853.0,28.32,1853.0,,,,,,,,,,0.0136,1853.0,28.14,1853.0
1854,28.74,1854.0,,,-0.8688,1854.0,31.65,1854.0,29.75,1854.0,,,,,,,,,,-0.6159,1854.0,28.14,1854.0
1855,28.81,1855.0,,,-0.564,1855.0,31.24,1855.0,29.83,1855.0,,,,,,,,,,-0.6015,1855.0,28.96,1855.0
1856,29.19,1856.0,,,0.0237,1856.0,31.21,1856.0,29.82,1856.0,,,,,,,,,,-0.1545,1856.0,28.18,1856.0
1857,28.76,1857.0,,,0.5074,1857.0,29.59,1857.0,29.16,1857.0,,,,,,,,,,0.4434,1857.0,27.99,1857.0
1858,29.47,1858.0,,,0.6294,1858.0,31.27,1858.0,29.1,1858.0,,,,,,,,,,1.1553,1858.0,29.71,1858.0
1859,29.65,1859.0,,,0.385,1859.0,29.72,1859.0,28.15,1859.0,,,,,,,,,,0.5611,1859.0,29.66,1859.0
1860,27.5,1860.0,,,-0.7733,1860.0,31.04,1860.0,28.56,1860.0,,,,,,,,,,-0.0476,1860.0,27.9,1860.0
1861,28.19,1861.0,,,-0.5542,1861.0,30.28,1861.0,29.03,1861.0,,,,,,,,,,0.2165,1861.0,27.19,1861.0
1862,28.98,1862.0,,,0.1134,1862.0,28.73,1862.0,29.2,1862.0,,,,,,,,,,-0.0003,1862.0,27.72,1862.0
1863,29.16,1863.0,,,1.7883,1863.0,29.16,1863.0,29.34,1863.0,,,,,,,,,,0.3816,1863.0,28.95,1863.0
1864,29.45,1864.0,,,2.0267,1864.0,31.62,1864.0,29.19,1864.0,,,,,,,,,,0.5968,1864.0,29.81,1864.0
1865,28.7,1865.0,,,0.8287,1865.0,30.2,1865.0,29.18,1865.0,,,,,,,,,,0.4829,1865.0,28.72,1865.0
1866,29.43,1866.0,,,-0.027,1866.0,30.44,1866.0,29.89,1866.0,,,,,,,,,,-0.0975,1866.0,29.18,1866.0
1867,29.34,1867.0,,,0.6642,1867.0,30.62,1867.0,29.73,1867.0,,,,,,,,,,0.3022,1867.0,29.37,1867.0
1868,30.18,1868.0,,,1.6299,1868.0,30.49,1868.0,29.07,1868.0,,,,,,,,,,0.825,1868.0,29.53,1868.0
1869,29.07,1869.0,,,0.3184,1869.0,30.71,1869.0,28.14,1869.0,,,,,,,,,,0.349,1869.0,28.12,1869.0
1870,28.98,1870.0,,,1.2586,1870.0,29.77,1870.0,28.05,1870.0,,,,,,,,,,1.6765,1870.0,28.4,1870.0
1871,28.86,1871.0,,,0.2053,1871.0,31.42,1871.0,29.62,1871.0,,,,,,,,,,0.6485,1871.0,28.4,1871.0
1872,28.88,1872.0,,,0.896,1872.0,30.63,1872.0,29.76,1872.0,,,,,,,,,,0.2832,1872.0,29.43,1872.0
1873,28.45,1873.0,,,0.533,1873.0,30.87,1873.0,29.17,1873.0,,,,,,,,,,-0.1067,1873.0,28.01,1873.0
1874,29.79,1874.0,,,1.418,1874.0,31.09,1874.0,27.44,1874.0,,,,,,,,,,1.7122,1874.0,28.35,1874.0
1875,28.7,1875.0,,,0.0343,1875.0,29.91,1875.0,28.55,1875.0,,,,,,,,,,0.461,1875.0,28.1,1875.0
1876,28.91,1876.0,,,0.6672,1876.0,27.62,1876.0,26.8,1876.0,,,,,,,,,,0.9039,1876.0,28.98,1876.0
1877,28.51,1877.0,,,0.0563,1877.0,29.4,1877.0,29.66,1877.0,,,,,,,,,,0.5043,1877.0,27.09,1877.0
1878,29.15,1878.0,,,-1.0225,1878.0,28.98,1878.0,27.16,1878.0,,,,,,,,,,-0.3929,1878.0,28.29,1878.0
1879,28.02,1879.0,,,-1.6691,1879.0,30.53,1879.0,29.25,1879.0,,,,,,,,,,-0.6908,1879.0,28.56,1879.0
1880,28.2,1880.0,,,-0.932,1880.0,30.25,1880.0,29.79,1880.0,,,,-12.18,1880.0,nan,-14.47,-14.62,-14.69,-0.4256,1880.0,28.88,1880.0
1881,28.05,1881.0,,,0.3141,1881.0,29.86,1881.0,29.14,1881.0,,,,-12.77,1881.0,nan,-15.02,-14.22,-12.99,0.3052,1881.0,27.48,1881.0
1882,28.5,1882.0,,,-0.1108,1882.0,31.36,1882.0,29.14,1882.0,,,,-13.91,1882.0,nan,-13.06,-16.63,-13.12,-0.1545,1882.0,29.19,1882.0
1883,28.26,1883.0,,,-0.6017,1883.0,27.7,1883.0,29.52,1883.0,,,,-14.17,1883.0,nan,-11.17,-18.95,-14.1,-0.8192,1883.0,28.82,1883.0
1884,29.57,1884.0,,,0.0838,1884.0,29.75,1884.0,30.56,1884.0,,,,-14.12,1884.0,nan,-14.12,-15.08,-12.31,0.4137,1884.0,29.58,1884.0
1885,29.73,1885.0,,,0.0492,1885.0,29.73,1885.0,28.79,1885.0,,,,-14.02,1885.0,nan,-12.53,-12.86,-14.05,0.0268,1885.0,29.02,1885.0
1886,29.2,1886.0,,,-0.7368,1886.0,29.83,1886.0,27.76,1886.0,,,,-14.03,1886.0,nan,-12.36,-14.13,-15.33,0.0697,1886.0,29.25,1886.0
1887,29.42,1887.0,,,-0.3222,1887.0,31.39,1887.0,30.46,1887.0,,,,-14.96,1887.0,nan,-14.57,-15.85,-13.79,0.2314,1887.0,29.09,1887.0
1888,28.87,1888.0,,,-1.5097,1888.0,30.43,1888.0,29.9,1888.0,,,,-16.54,1888.0,nan,-12.51,-17.24,-12.89,-1.5322,1888.0,28.25,1888.0
1889,28.95,1889.0,,,-1.3781,1889.0,30.83,1889.0,28.99,1889.0,,,,-15.13,1889.0,nan,-12.21,-18.29,-14.34,-0.1493,1889.0,29.08,1889.0
1890,28.34,1890.0,,,-0.7424,1890.0,30.22,1890.0,29.92,1890.0,,,,-11.14,1890.0,nan,-12.68,-19.18,-14.95,-0.6361,1890.0,28.94,1890.0
1891,28.73,1891.0,,,-0.2614,1891.0,30.39,1891.0,28.36,1891.0,,,,-13.28,1891.0,nan,-13.06,-19.08,-15.28,-0.3323,1891.0,29.17,1891.0
1892,29.13,1892.0,,,0.6104,1892.0,31.49,1892.0,29.71,1892.0,,,,-17.06,1892.0,nan,-13.05,-18.39,-19.4,1.3964,1892.0,29.78,1892.0
1893,30.25,1893.0,,,1.4036,1893.0,31.33,1893.0,28.76,1893.0,,,,-19.94,1893.0,nan,-16.47,-17.24,-13.52,1.5666,1893.0,29.85,1893.0
1894,29.29,1894.0,,,-0.5361,1894.0,31.73,1894.0,29.53,1894.0,,,,-19.89,1894.0,nan,-15.61,-16.06,-15.17,0.3531,1894.0,28.82,1894.0
1895,28.97,1895.0,,,0.3145,1895.0,30.64,1895.0,30.47,1895.0,,,,-18.1,1895.0,nan,-14.43,-15.11,-17.25,1.1812,1895.0,28.96,1895.0
1896,29.21,1896.0,,,0.0915,1896.0,29.81,1896.0,28.16,1896.0,,,,-15.87,1896.0,nan,-17.83,-15.15,-16.92,1.2427,1896.0,29.22,1896.0
1897,29.28,1897.0,,,-0.7337,1897.0,30.64,1897.0,26.93,1897.0,,,,-14.87,1897.0,nan,-16.09,-15.56,-15.27,-0.6923,1897.0,29.19,1897.0
1898,29.33,1898.0,,,0.3877,1898.0,31.23,1898.0,30.45,1898.0,,,,-19.06,1898.0,nan,-16.29,-15.96,-15.21,-0.3502,1898.0,30.26,1898.0
1899,29.38,1899.0,,,1.8063,1899.0,30.64,1899.0,29.38,1899.0,,,,-15.22,1899.0,nan,-14.95,-16.31,-14.63,0.536,1899.0,30.18,1899.0
1900,28.73,1900.0,,,0.1042,1900.0,30.23,1900.0,29.85,1900.0,,,,-15.86,1900.0,nan,-11.88,-16.37,-13.44,0.5091,1900.0,29.4,1900.0
1901,29.34,1901.0,32.03757828,1901.0,0.2405,1901.0,29.79,1901.0,28.78,1901.0,,,,-15.91,1901.0,nan,-14.13,-16.1,-14.05,0.9036,1901.0,29.67,1901.0
1902,28.56,1902.0,31.94909596,1902.0,0.1363,1902.0,30.57,1902.0,28.48,1902.0,,,,-13.53,1902.0,nan,-14.75,-15.71,-13.92,0.5432,1902.0,29.63,1902.0
1903,28.68,1903.0,31.69469596,1903.0,-0.4312,1903.0,29.97,1903.0,29.33,1903.0,,,,-13.67,1903.0,nan,-14.34,-15.52,-13.69,0.5408,1903.0,28.96,1903.0
1904,29.39,1904.0,31.97969596,1904.0,-0.0502,1904.0,30.46,1904.0,29.25,1904.0,,,,-14.59,1904.0,nan,-17.37,-15.49,-13.95,0.286,1904.0,29.46,1904.0
1905,28.35,1905.0,31.68069596,1905.0,0.2358,1905.0,29.76,1905.0,28.83,1905.0,,,,-15.67,1905.0,nan,-15.98,-15.44,-13.39,nan,1905.0,28.68,1905.0
1906,29.07,1906.0,31.09069596,1906.0,0.9399,1906.0,30.14,1906.0,29.15,1906.0,,,,-13.18,1906.0,nan,-12.82,-15.08,-14.43,-0.2625,1906.0,29.54,1906.0
1907,29.07,1907.0,32.50680745,1907.0,-0.5125,1907.0,32.09,1907.0,28.49,1907.0,,,,-14.64,1907.0,nan,-14.78,-14.55,-16.74,0.1416,1907.0,29.63,1907.0
1908,28.81,1908.0,31.61889596,1908.0,-0.3157,1908.0,31.34,1908.0,29.05,1908.0,,,,-15.47,1908.0,nan,-15.01,-14.34,-14.65,-0.0495,1908.0,28.64,1908.0
1909,28.49,1909.0,31.20309596,1909.0,-0.9425,1909.0,27.52,1909.0,28.46,1909.0,,,,-15.2,1909.0,nan,-12.64,-14.75,-13.53,nan,1909.0,28.62,1909.0
1910,28.56,1910.0,31.53249596,1910.0,-1.4177,1910.0,30.48,1910.0,27.4,1910.0,,,,-14.7,1910.0,nan,-14.15,-14.95,-13.89,-0.6156,1910.0,29.71,1910.0
1911,29.92,1911.0,32.57249596,1911.0,0.6277,1911.0,29.18,1911.0,29.29,1911.0,,,,-12.98,1911.0,nan,-13.23,-14.88,-13.29,0.2867,1911.0,29.37,1911.0
1912,27.8,1912.0,32.03129596,1912.0,-0.2966,1912.0,30.96,1912.0,28.71,1912.0,,,,-13.66,1912.0,nan,-10.93,-14.47,-14.96,-0.0836,1912.0,28.29,1912.0
1913,28.99,1913.0,32.07249596,1913.0,-0.5377,1913.0,31.6,1913.0,28.98,1913.0,,,,-11.19,1913.0,nan,-13.06,-13.95,-15.83,0.1408,1913.0,29.02,1913.0
1914,29.25,1914.0,31.69829596,1914.0,-0.2908,1914.0,30.21,1914.0,29.9,1914.0,,,,-13.06,1914.0,nan,-13.82,-13.48,-14.84,-0.004,1914.0,28.43,1914.0
1915,28.86,1915.0,30.94509596,1915.0,-1.1454,1915.0,29.48,1915.0,28.4,1915.0,,,,-16.02,1915.0,nan,-13.79,-13.04,-13.0,-0.0813,1915.0,28.92,1915.0
1916,28.62,1916.0,31.77169596,1916.0,-0.4796,1916.0,30.79,1916.0,29.63,1916.0,,,,-13.96,1916.0,nan,-16.32,-12.62,-12.07,0.1979,1916.0,29.62,1916.0
1917,28.29,1917.0,31.74169596,1917.0,-0.9481,1917.0,30.85,1917.0,29.72,1917.0,,,,-15.2,1917.0,nan,-15.41,-12.36,-13.96,0.1894,1917.0,29.33,1917.0
1918,29.01,1918.0,32.50509596,1918.0,1.0828,1918.0,31.92,1918.0,28.14,1918.0,,,,-13.86,1918.0,nan,-14.3,-12.16,-12.5,1.1986,1918.0,29.53,1918.0
1919,28.72,1919.0,32.04749834,1919.0,0.1469,1919.0,31.28,1919.0,27.82,1919.0,,,,-14.36,1919.0,nan,-13.4,-12.08,-13.42,0.2362,1919.0,28.84,1919.0
1920,28.7,1920.0,32.79235188,1920.0,0.0524,1920.0,30.4,1920.0,28.84,1920.0,,,,-15.88,1920.0,nan,-13.77,-12.51,-15.66,-0.2581,1920.0,28.82,1920.0
1921,29.85,1921.0,31.05995188,1921.0,0.5809,1921.0,31.88,1921.0,29.37,1921.0,,,,-12.03,1921.0,nan,-13.33,-13.12,-16.33,0.0334,1921.0,29.55,1921.0
1922,29.08,1922.0,31.34275188,1922.0,0.3774,1922.0,31.91,1922.0,28.57,1922.0,,,,-13.68,1922.0,nan,-14.18,-14.06,-14.57,-0.4265,1922.0,28.49,1922.0
1923,28.47,1923.0,33.14887437,1923.0,0.4986,1923.0,29.36,1923.0,29.0,1923.0,,,,-14.99,1923.0,nan,-14.03,-14.74,-13.32,0.3733,1923.0,30.17,1923.0
1924,27.89,1924.0,32.99035188,1924.0,0.4883,1924.0,31.03,1924.0,29.87,1924.0,,,,-13.32,1924.0,nan,-13.55,-15.23,-13.95,0.51,1924.0,30.17,1924.0
1925,28.67,1925.0,32.23835188,1925.0,-0.4672,1925.0,31.57,1925.0,28.97,1925.0,,,,-10.03,1925.0,nan,-15.66,-15.51,-14.81,-0.7982,1925.0,29.54,1925.0
1926,29.06,1926.0,32.14775188,1926.0,0.1131,1926.0,31.18,1926.0,28.41,1926.0,,,,-13.78,1926.0,nan,-14.21,-15.43,-15.15,-0.259,1926.0,28.0,1926.0
1927,28.29,1927.0,32.84135188,1927.0,-1.2817,1927.0,31.38,1927.0,29.7,1927.0,,,,-17.05,1927.0,nan,-14.7,-15.18,-13.64,-0.3294,1927.0,26.71,1927.0
1928,29.36,1928.0,32.23615188,1928.0,0.6422,1928.0,31.97,1928.0,29.53,1928.0,,,,-18.92,1928.0,nan,-15.74,-14.94,-14.61,0.6296,1928.0,28.97,1928.0
1929,29.85,1929.0,31.43815188,1929.0,0.4116,1929.0,30.56,1929.0,29.55,1929.0,,,,-14.24,1929.0,nan,-15.98,-14.74,-15.0,0.4565,1929.0,28.68,1929.0
1930,28.49,1930.0,31.1188741,1930.0,-1.5282,1930.0,29.61,1930.0,28.83,1930.0,,,,-14.02,1930.0,nan,-15.89,-14.56,-15.69,-1.0767,1930.0,27.75,1930.0
1931,28.01,1931.0,31.2096741,1931.0,-0.4855,1931.0,30.84,1931.0,28.95,1931.0,,,,-12.01,1931.0,nan,-15.39,-14.3,-14.65,0.0266,1931.0,28.34,1931.0
1932,28.15,1932.0,30.5906741,1932.0,-0.2854,1932.0,30.3,1932.0,28.73,1932.0,,,,-13.55,1932.0,nan,-12.73,-13.96,-14.29,-0.2138,1932.0,27.94,1932.0
1933,28.65,1933.0,31.9360741,1933.0,1.2274,1933.0,30.55,1933.0,29.5,1933.0,,,,-12.77,1933.0,nan,-14.45,-13.5,-15.0,0.8952,1933.0,29.46,1933.0
1934,29.19,1934.0,32.0016741,1934.0,1.2719,1934.0,30.16,1934.0,29.88,1934.0,,,,-14.04,1934.0,nan,-17.02,-13.28,-12.78,nan,1934.0,29.13,1934.0
1935,29.32,1935.0,32.3976741,1935.0,-0.2502,1935.0,29.96,1935.0,29.66,1935.0,,,,-17.01,1935.0,nan,-12.3,-13.35,-13.45,0.3856,1935.0,29.52,1935.0
1936,27.87,1936.0,31.1580741,1936.0,-1.1916,1936.0,28.39,1936.0,26.77,1936.0,,,,-14.05,1936.0,nan,-10.82,-13.73,-13.32,-0.857,1936.0,28.49,1936.0
1937,28.32,1937.0,31.4398741,1937.0,0.2755,1937.0,31.04,1937.0,28.79,1937.0,,,,-10.42,1937.0,nan,-13.46,-14.03,-10.79,0.0564,1937.0,28.63,1937.0
1938,28.39,1938.0,32.6894741,1938.0,0.203,1938.0,30.29,1938.0,28.92,1938.0,,,,-14.73,1938.0,nan,-13.22,-14.08,-13.84,0.2842,1938.0,28.81,1938.0
1939,28.94,1939.0,30.7104741,1939.0,-0.6321,1939.0,30.4,1939.0,29.5,1939.0,,,,-14.07,1939.0,nan,-16.26,-13.89,-11.53,-0.3919,1939.0,29.73,1939.0
1940,29.26,1940.0,31.2204741,1940.0,-0.4514,1940.0,30.32,1940.0,28.29,1940.0,-14.04,1940.0,nan,-18.03,1940.0,nan,-14.44,-13.68,-15.17,0.171,1940.0,29.94,1940.0
1941,28.68,1941.0,31.2646741,1941.0,-1.1085,1941.0,30.49,1941.0,28.18,1941.0,-11.71,1941.0,nan,-13.02,1941.0,nan,-14.53,-13.52,-14.94,-0.2671,1941.0,28.7,1941.0
1942,28.56,1942.0,32.0644741,1942.0,-0.6043,1942.0,32.63,1942.0,29.3,1942.0,-14.66,1942.0,nan,-15.18,1942.0,nan,-16.37,-13.49,-14.01,0.0388,1942.0,28.01,1942.0
1943,29.63,1943.0,31.7024741,1943.0,0.1621,1943.0,32.08,1943.0,28.91,1943.0,-14.43,1943.0,nan,-16.35,1943.0,nan,-17.09,-13.49,-15.21,0.1271,1943.0,29.97,1943.0
1944,29.7,1944.0,30.9522741,1944.0,0.6975,1944.0,31.42,1944.0,29.73,1944.0,-14.83,1944.0,nan,-12.61,1944.0,nan,-14.71,-13.49,-16.13,0.9337,1944.0,28.71,1944.0
1945,29.56,1945.0,32.7502741,1945.0,0.5861,1945.0,30.91,1945.0,29.66,1945.0,-13.78,1945.0,nan,-11.28,1945.0,nan,-12.93,-13.15,-14.03,1.0369,1945.0,28.55,1945.0
1946,29.11,1946.0,31.9040741,1946.0,-0.05,1946.0,28.74,1946.0,28.5,1946.0,-15.25,1946.0,nan,-13.03,1946.0,nan,-13.04,-12.31,-14.11,0.3359,1946.0,29.23,1946.0
1947,29.21,1947.0,31.4768741,1947.0,0.8884,1947.0,31.25,1947.0,30.31,1947.0,-13.26,1947.0,nan,-10.4,1947.0,nan,-11.25,-11.5,-11.95,0.3938,1947.0,28.38,1947.0
1948,29.17,1948.0,31.3574741,1948.0,-0.2492,1948.0,31.23,1948.0,29.44,1948.0,-14.52,1948.0,nan,-12.38,1948.0,nan,-12.76,-10.81,-11.82,-0.1443,1948.0,29.0,1948.0
1949,30.0,1949.0,32.5930741,1949.0,0.8784,1949.0,31.38,1949.0,30.48,1949.0,-11.73,1949.0,nan,-10.72,1949.0,nan,-11.83,-12.45,-12.2,1.7363,1949.0,29.75,1949.0
1950,29.36,1950.0,32.3318741,1950.0,0.6911,1950.0,31.02,1950.0,29.75,1950.0,-8.89,1950.0,nan,-13.96,1950.0,nan,-10.3,-14.05,-11.66,1.1795,1950.0,28.82,1950.0
1951,29.14,1951.0,31.9958741,1951.0,-0.5073,1951.0,30.82,1951.0,29.35,1951.0,-14.64,1951.0,nan,-14.48,1951.0,nan,-12.42,-14.56,-13.74,0.0164,1951.0,28.05,1951.0
1952,29.27,1952.0,32.2182741,1952.0,1.1223,1952.0,30.98,1952.0,29.8,1952.0,-17.85,1952.0,nan,-11.6,1952.0,nan,-13.14,-14.45,-14.81,1.3425,1952.0,28.72,1952.0
1953,28.78,1953.0,31.9422741,1953.0,-0.3603,1953.0,30.42,1953.0,28.82,1953.0,-16.51,1953.0,nan,-16.02,1953.0,nan,-13.01,-14.4,-14.26,-0.4381,1953.0,27.65,1953.0
1954,28.82,1954.0,31.5538741,1954.0,-0.2333,1954.0,29.93,1954.0,28.38,1954.0,-15.81,1954.0,nan,-13.33,1954.0,nan,-14.8,-13.52,-14.74,0.3322,1954.0,28.91,1954.0
1955,29.97,1955.0,32.4858741,1955.0,-0.0442,1955.0,31.77,1955.0,29.31,1955.0,-13.47,1955.0,nan,-14.69,1955.0,nan,-14.8,-11.9,-12.91,0.2083,1955.0,29.0,1955.0
1956,28.62,1956.0,32.2080741,1956.0,0.0528,1956.0,30.97,1956.0,30.31,1956.0,-14.3,1956.0,nan,-14.85,1956.0,nan,-12.35,-12.54,-11.07,0.4699,1956.0,28.3,1956.0
1957,29.76,1957.0,31.3092741,1957.0,0.0863,1957.0,28.19,1957.0,28.13,1957.0,-14.0,1957.0,nan,-17.68,1957.0,nan,-13.42,-14.51,-13.31,-0.0008,1957.0,28.89,1957.0
1958,28.51,1958.0,31.8524741,1958.0,-0.9961,1958.0,30.99,1958.0,28.19,1958.0,-12.67,1958.0,nan,-13.23,1958.0,nan,-13.6,-13.69,-14.22,-0.5382,1958.0,28.02,1958.0
1959,29.44,1959.0,31.4854741,1959.0,1.0353,1959.0,29.81,1959.0,28.75,1959.0,-11.58,1959.0,nan,-11.05,1959.0,nan,-12.66,-14.35,-12.89,1.053,1959.0,28.96,1959.0
1960,28.64,1960.0,31.3460741,1960.0,0.1599,1960.0,29.99,1960.0,28.86,1960.0,-13.82,1960.0,nan,-12.52,1960.0,nan,-14.03,-14.12,-12.43,-0.1837,1960.0,28.54,1960.0
1961,29.05,1961.0,31.7604741,1961.0,0.3421,1961.0,28.14,1961.0,28.93,1961.0,-17.48,1961.0,nan,-17.35,1961.0,nan,-15.65,-13.31,-14.86,1.0495,1961.0,29.49,1961.0
1962,28.83,1962.0,31.5746741,1962.0,1.1341,1962.0,30.95,1962.0,29.44,1962.0,-13.33,1962.0,nan,-13.45,1962.0,nan,-12.27,-12.77,-16.34,1.1943,1962.0,28.48,1962.0
1963,29.46,1963.0,31.2586741,1963.0,-1.1668,1963.0,29.28,1963.0,28.44,1963.0,-16.55,1963.0,nan,-14.58,1963.0,nan,-11.46,-12.8,-13.9,nan,1963.0,28.47,1963.0
1964,29.73,1964.0,31.8402741,1964.0,0.4975,1964.0,31.15,1964.0,29.28,1964.0,-12.03,1964.0,nan,-13.72,1964.0,nan,-15.11,-13.08,-11.65,0.53,1964.0,28.66,1964.0
1965,29.22,1965.0,32.2964741,1965.0,0.1549,1965.0,29.96,1965.0,28.94,1965.0,-13.09,1965.0,nan,-16.28,1965.0,nan,-14.78,-13.84,-13.29,nan,1965.0,28.79,1965.0
1966,28.97,1966.0,31.9996741,1966.0,-0.4509,1966.0,30.05,1966.0,28.22,1966.0,-10.88,1966.0,nan,-14.99,1966.0,nan,-13.01,-12.78,-12.67,0.0305,1966.0,28.4,1966.0
1967,29.47,1967.0,32.4002741,1967.0,0.8223,1967.0,30.52,1967.0,29.25,1967.0,-11.94,1967.0,nan,-13.09,1967.0,nan,-15.3,-11.28,-12.74,0.4919,1967.0,28.54,1967.0
1968,28.82,1968.0,31.5276741,1968.0,-0.6256,1968.0,31.76,1968.0,29.78,1968.0,-14.87,1968.0,nan,-12.17,1968.0,nan,-13.56,-11.14,-12.25,-0.1536,1968.0,28.61,1968.0
1969,29.08,1969.0,30.9304741,1969.0,-0.0775,1969.0,30.95,1969.0,29.4,1969.0,-14.39,1969.0,nan,-15.41,1969.0,nan,-11.84,-11.13,-13.87,-0.2139,1969.0,28.26,1969.0
1970,29.13,1970.0,32.2050741,1970.0,0.0104,1970.0,30.94,1970.0,28.8,1970.0,-16.87,1970.0,nan,-10.56,1970.0,nan,-11.02,-11.45,-13.21,nan,1970.0,28.06,1970.0
1971,28.81,1971.0,32.4354741,1971.0,-0.5057,1971.0,30.29,1971.0,29.83,1971.0,-14.69,1971.0,nan,-14.62,1971.0,nan,-11.24,-12.17,-11.63,0.436,1971.0,28.74,1971.0
1972,29.22,1972.0,30.9842741,1972.0,-0.083,1972.0,30.25,1972.0,28.69,1972.0,-13.39,1972.0,nan,-11.82,1972.0,nan,-11.83,-12.91,-12.25,-0.184,1972.0,28.62,1972.0
1973,28.91,1973.0,31.6812741,1973.0,0.1293,1973.0,30.87,1973.0,29.88,1973.0,-12.26,1973.0,nan,-11.3,1973.0,nan,-14.68,-13.64,-13.94,0.696,1973.0,28.72,1973.0
1974,28.7,1974.0,32.1504741,1974.0,0.3506,1974.0,30.64,1974.0,30.2,1974.0,-13.63,1974.0,nan,-13.31,1974.0,nan,-13.92,-14.19,-11.27,-0.094,1974.0,28.5,1974.0
1975,30.58,1975.0,31.6650741,1975.0,0.6224,1975.0,30.14,1975.0,29.42,1975.0,-12.99,1975.0,nan,-17.72,1975.0,nan,-14.6,-14.4,-11.8,-0.144,1975.0,29.74,1975.0
1976,30.04,1976.0,31.1880741,1976.0,0.9437,1976.0,29.5,1976.0,29.68,1976.0,-13.28,1976.0,nan,-13.55,1976.0,nan,-13.37,-13.9,-13.79,1.216,1976.0,30.05,1976.0
1977,29.53,1977.0,30.0088741,1977.0,-0.4427,1977.0,30.02,1977.0,29.25,1977.0,-12.95,1977.0,nan,-12.29,1977.0,nan,-12.51,-13.0,-13.55,-0.934,1977.0,28.93,1977.0
1978,29.16,1978.0,30.5972741,1978.0,0.1114,1978.0,30.98,1978.0,29.42,1978.0,-10.89,1978.0,nan,-11.44,1978.0,nan,-14.28,-12.21,-11.4,-0.084,1978.0,28.41,1978.0
1979,28.97,1979.0,31.1998741,1979.0,-0.3846,1979.0,32.06,1979.0,29.16,1979.0,-13.32,1979.0,nan,-10.07,1979.0,nan,-14.4,-12.98,-13.33,-0.194,1979.0,28.8,1979.0
1980,28.97,1980.0,31.81939076,1980.0,-0.5079,1980.0,30.79,1980.0,28.93,1980.0,-15.52,1980.0,nan,-15.31,1980.0,nan,-14.92,-13.49,-14.59,-0.264,1980.0,28.11,1980.0
1981,28.91,1981.0,30.51779076,1981.0,-0.3906,1981.0,31.29,1981.0,28.62,1981.0,-11.45,1981.0,nan,-13.96,1981.0,nan,-15.91,-14.45,-16.36,-0.674,1981.0,29.46,1981.0
1982,29.26,1982.0,31.9765139,1982.0,0.2769,1982.0,31.36,1982.0,30.21,1982.0,-11.75,1982.0,nan,-15.1,1982.0,nan,-9.8,-15.68,-16.07,-0.024,1982.0,28.47,1982.0
1983,29.1,1983.0,30.4117139,1983.0,-0.1934,1983.0,31.55,1983.0,29.88,1983.0,-15.45,1983.0,nan,-9.98,1983.0,nan,-10.73,-14.33,-10.2,0.276,1983.0,29.02,1983.0
1984,29.44,1984.0,30.3491139,1984.0,0.5444,1984.0,30.63,1984.0,29.08,1984.0,-10.33,1984.0,nan,-15.73,1984.0,nan,-14.86,-14.9,-13.61,0.066,1984.0,30.2,1984.0
1985,28.99,1985.0,31.9695139,1985.0,0.3677,1985.0,31.78,1985.0,29.29,1985.0,-13.32,1985.0,nan,-15.08,1985.0,nan,-13.97,-15.59,-14.52,1.216,1985.0,28.73,1985.0
1986,29.17,1986.0,32.0733139,1986.0,0.3975,1986.0,31.1,1986.0,30.45,1986.0,-13.66,1986.0,nan,-14.22,1986.0,nan,-12.67,-13.69,-13.44,0.256,1986.0,28.14,1986.0
1987,28.8,1987.0,31.4763139,1987.0,-0.849,1987.0,nan,1987.0,29.64,1987.0,-13.78,1987.0,nan,-11.52,1987.0,nan,-18.02,-12.41,-10.39,-0.454,1987.0,28.93,1987.0
1988,28.95,1988.0,31.6129139,1988.0,-0.8347,1988.0,31.3,1988.0,29.08,1988.0,-13.53,1988.0,nan,-13.86,1988.0,nan,-12.02,-12.2,-11.76,0.346,1988.0,29.45,1988.0
1989,30.3,1989.0,32.3553139,1989.0,1.3208,1989.0,30.94,1989.0,30.41,1989.0,-10.52,1989.0,nan,-15.44,1989.0,nan,-14.11,-11.56,-13.87,1.366,1989.0,28.09,1989.0
1990,30.32,1990.0,33.1423139,1990.0,1.4635,1990.0,30.21,1990.0,29.77,1990.0,-12.28,1990.0,nan,-13.49,1990.0,nan,-14.21,-10.66,-12.44,1.396,1990.0,30.7,1990.0
1991,29.2,1991.0,30.9603139,1991.0,0.124,1991.0,32.38,1991.0,30.15,1991.0,-14.64,1991.0,nan,-11.14,1991.0,nan,-12.77,-10.56,-14.8,-0.064,1991.0,29.02,1991.0
1992,29.32,1992.0,32.0367139,1992.0,-0.2895,1992.0,31.27,1992.0,28.56,1992.0,-13.31,1992.0,nan,-12.55,1992.0,nan,-13.48,-11.45,-13.45,0.416,1992.0,29.97,1992.0
1993,29.34,1993.0,32.9973139,1993.0,0.0766,1993.0,31.96,1993.0,29.67,1993.0,-11.98,1993.0,nan,-10.01,1993.0,nan,-11.29,-11.37,-10.56,-0.134,1993.0,30.19,1993.0
1994,29.54,1994.0,32.5953139,1994.0,0.4845,1994.0,32.36,1994.0,30.16,1994.0,-17.23,1994.0,nan,,,,,,,0.486,1994.0,29.31,1994.0
1995,29.64,1995.0,31.7063139,1995.0,1.4257,1995.0,31.55,1995.0,29.07,1995.0,,,,,,,,,,0.986,1995.0,29.62,1995.0
1996,29.23,1996.0,31.0089139,1996.0,0.5473,1996.0,32.48,1996.0,30.02,1996.0,,,,,,,,,,0.976,1996.0,29.3,1996.0
1997,29.14,1997.0,31.5037139,1997.0,0.1855,1997.0,32.14,1997.0,28.6,1997.0,,,,,,,,,,-0.414,1997.0,28.91,1997.0
1998,29.16,1998.0,31.9907139,1998.0,-0.2678,1998.0,31.76,1998.0,29.2,1998.0,,,,,,,,,,0.226,1998.0,30.09,1998.0
1999,29.6,1999.0,31.7541139,1999.0,1.1406,1999.0,30.44,1999.0,29.76,1999.0,,,,,,,,,,1.356,1999.0,29.88,1999.0
2000,29.31,2000.0,32.4701139,2000.0,0.2321,2000.0,32.81,2000.0,29.64,2000.0,,,,,,,,,,1.096,2000.0,29.33,2000.0
2001,29.1,2001.0,32.2533139,2001.0,0.557,2001.0,33.39,2001.0,31.24,2001.0,,,,,,,,,,,,29.36,2001.0
2002,29.22,2002.0,30.9435139,2002.0,1.4116,2002.0,31.93,2002.0,29.76,2002.0,,,,,,,,,,,,29.0,2002.0
2003,29.55,2003.0,31.5649139,2003.0,0.88,2003.0,30.69,2003.0,,,,,,,,,,,,,,29.06,2003.0
2004,29.23,2004.0,31.2735139,2004.0,1.0575,2004.0,,,,,,,,,,,,,,,,29.2,2004.0
2005,29.08,2005.0,31.5813139,2005.0,,,,,,,,,,,,,,,,,,28.91,2005.0
2006,29.91,2006.0,32.6711139,2006.0,,,,,,,,,,,,,,,,,,29.03,2006.0
2007,28.86,2007.0,31.6277139,2007.0,,,,,,,,,,,,,,,,,,28.49,2007.0
2008,28.9,2008.0,30.5831139,2008.0,,,,,,,,,,,,,,,,,,28.99,2008.0
2009,28.94,2009.0,31.0723139,2009.0,,,,,,,,,,,,,,,,,,28.39,2009.0
2010,28.52,2010.0,,,,,,,,,,,,,,,,,,,,27.96,2010.0
2011,,,,,,,,,,,,,,,,,,,,,,28.97,2011.0
2012,,,,,,,,,,,,,,,,,,,,,,27.48,2012.0
2013,,,,,,,,,,,,,,,,,,,,,,,
2014,,,,,,,,,,,,,,,,,,,,,,,
2015,,,,,,,,,,,,,,,,,,,,,,,
2016,,,,,,,,,,,,,,,,,,,,,,,
2017,,,,,,,,,,,,,,,,,,,,,,,
2018,,,,,,,,,,,,,,,,,,,,,,,
2019,,,,,,,,,,,,,,,,,,,,,,,
2020,,,,,,,,,,,,,,,,,,,,,,,
